{"type":"FeatureCollection","features":[{"type":"Feature","properties":{"district":"North","area":"East of Prospect, North of University"},"geometry":{"type":"Polygon","coordinates":[[[-88.222832,40.159998],[-88.22283,40.160003],[-88.222473,40.16083],[-88.222247,40.161353],[-88.222021,40.161878],[-88.221716,40.162583],[-88.221225,40.163721],[-88.221303,40.16372],[-88.22971,40.163626],[-88.22971,40.163625],[-88.229667,40.159987],[-88.229668,40.159987],[-88.239202,40.160009],[-88.239256,40.160009],[-88.239345,40.160009],[-88.239435,40.160008],[-88.239488,40.160008],[-88.239488,40.160007],[-88.239443,40.158069],[-88.239433,40.157298],[-88.239428,40.156969],[-88.239429,40.156969],[-88.239577,40.15697],[-88.242434,40.156986],[-88.242423,40.156355],[-88.242421,40.156234],[-88.242411,40.155642],[-88.2424,40.154953],[-88.242459,40.154953],[-88.24246,40.154953],[-88.242464,40.154953],[-88.242537,40.154953],[-88.243959,40.154954],[-88.243943,40.154047],[-88.243937,40.153636],[-88.243921,40.152723],[-88.243999,40.152723],[-88.244,40.152723],[-88.245253,40.152728],[-88.245973,40.152731],[-88.246567,40.152733],[-88.248611,40.152741],[-88.248659,40.155053],[-88.248681,40.156066],[-88.248685,40.156295],[-88.248688,40.156419],[-88.248697,40.15702],[-88.248716,40.15702],[-88.250794,40.15702],[-88.253179,40.15702],[-88.253406,40.15702],[-88.255338,40.15703],[-88.257832,40.156989],[-88.257833,40.156989],[-88.257953,40.156987],[-88.258114,40.156985],[-88.258118,40.156985],[-88.258104,40.15487],[-88.258102,40.154571],[-88.258002,40.14821],[-88.257997,40.14796],[-88.257996,40.147934],[-88.257995,40.147843],[-88.257986,40.147409],[-88.257967,40.146474],[-88.257955,40.145605],[-88.257917,40.142616],[-88.257913,40.140646],[-88.257911,40.140125],[-88.258004,40.139232],[-88.257996,40.137908],[-88.257989,40.136941],[-88.257988,40.136725],[-88.257958,40.132064],[-88.257957,40.131815],[-88.257951,40.131002],[-88.257951,40.130976],[-88.257951,40.13088],[-88.257857,40.116286],[-88.243524,40.116313],[-88.231747,40.116372],[-88.22889,40.116386],[-88.228887,40.116386],[-88.228773,40.116386],[-88.228773,40.116386],[-88.228785,40.117369],[-88.228796,40.118346],[-88.228798,40.118506],[-88.228803,40.118923],[-88.228803,40.118942],[-88.228806,40.119114],[-88.228806,40.119183],[-88.228808,40.119292],[-88.22881,40.119447],[-88.228814,40.119788],[-88.228817,40.120007],[-88.22882,40.120257],[-88.228826,40.120736],[-88.228827,40.120829],[-88.228832,40.121153],[-88.228832,40.121216],[-88.228833,40.121701],[-88.228833,40.12217],[-88.228834,40.122386],[-88.228837,40.122643],[-88.228844,40.123124],[-88.228853,40.123627],[-88.228993,40.123627],[-88.228993,40.123629],[-88.228993,40.123671],[-88.228993,40.123673],[-88.228993,40.123696],[-88.228994,40.123698],[-88.229006,40.124606],[-88.229006,40.124607],[-88.229006,40.124607],[-88.229006,40.124607],[-88.228877,40.124607],[-88.228767,40.124607],[-88.228747,40.124608],[-88.227982,40.124609],[-88.227982,40.124609],[-88.227982,40.124609],[-88.227981,40.124609],[-88.227982,40.124611],[-88.227982,40.124671],[-88.227982,40.124673],[-88.227982,40.124693],[-88.227982,40.124695],[-88.227982,40.124849],[-88.227982,40.124851],[-88.227982,40.124858],[-88.227982,40.12486],[-88.227982,40.124863],[-88.227982,40.124865],[-88.227982,40.124877],[-88.227982,40.124878],[-88.227983,40.125023],[-88.227983,40.125025],[-88.227983,40.125028],[-88.227983,40.125029],[-88.227984,40.125188],[-88.227984,40.12519],[-88.227984,40.125192],[-88.227984,40.125194],[-88.227984,40.125231],[-88.227984,40.125244],[-88.227984,40.125354],[-88.227984,40.125355],[-88.227984,40.125357],[-88.227984,40.125359],[-88.227985,40.125519],[-88.227985,40.12552],[-88.227985,40.125521],[-88.227985,40.125521],[-88.227985,40.125521],[-88.227985,40.125522],[-88.227985,40.125524],[-88.227985,40.125684],[-88.227985,40.125686],[-88.227986,40.125849],[-88.227986,40.125851],[-88.227986,40.125865],[-88.227986,40.125867],[-88.227986,40.125867],[-88.227986,40.125868],[-88.22805,40.125868],[-88.22811,40.125868],[-88.22817,40.125868],[-88.228377,40.125868],[-88.228384,40.125868],[-88.228392,40.125868],[-88.228599,40.125868],[-88.228814,40.125868],[-88.229015,40.125868],[-88.229022,40.125868],[-88.229028,40.125868],[-88.229064,40.125868],[-88.229064,40.12587],[-88.229065,40.125896],[-88.229065,40.125898],[-88.229068,40.126172],[-88.229068,40.126173],[-88.229071,40.126345],[-88.229071,40.126346],[-88.229073,40.126523],[-88.229073,40.126525],[-88.229073,40.126578],[-88.229073,40.12658],[-88.229075,40.126699],[-88.229075,40.1267],[-88.229076,40.126764],[-88.229076,40.126766],[-88.229076,40.126791],[-88.229076,40.126805],[-88.229076,40.126807],[-88.229076,40.126819],[-88.229076,40.12682],[-88.229077,40.126832],[-88.229077,40.126834],[-88.229077,40.126874],[-88.229077,40.126876],[-88.229079,40.12705],[-88.229079,40.127051],[-88.229081,40.127222],[-88.229082,40.127224],[-88.229082,40.12724],[-88.229082,40.127242],[-88.229082,40.127258],[-88.229082,40.12726],[-88.229082,40.127266],[-88.229082,40.127268],[-88.229082,40.127269],[-88.229082,40.127269],[-88.229082,40.127277],[-88.229083,40.127332],[-88.229083,40.127332],[-88.229083,40.127332],[-88.229083,40.127332],[-88.229083,40.127332],[-88.229083,40.127332],[-88.229023,40.127333],[-88.22899,40.127333],[-88.228831,40.127334],[-88.226312,40.127351],[-88.226287,40.127351],[-88.226223,40.127351],[-88.225504,40.127356],[-88.225504,40.127356],[-88.225504,40.127356],[-88.225504,40.127356],[-88.225504,40.127358],[-88.225503,40.127452],[-88.225503,40.127466],[-88.225503,40.127467],[-88.225503,40.127475],[-88.225503,40.127476],[-88.225503,40.127557],[-88.225503,40.127557],[-88.225503,40.127557],[-88.225503,40.127557],[-88.225325,40.127559],[-88.225325,40.127559],[-88.225325,40.127559],[-88.225324,40.127559],[-88.225324,40.127561],[-88.225324,40.127576],[-88.225324,40.127578],[-88.225324,40.127779],[-88.225324,40.127781],[-88.225323,40.127795],[-88.225323,40.127797],[-88.225322,40.128205],[-88.225322,40.128207],[-88.22532,40.128654],[-88.226325,40.128655],[-88.226325,40.128657],[-88.226325,40.128683],[-88.226325,40.128685],[-88.226326,40.128832],[-88.226326,40.128833],[-88.226328,40.128949],[-88.226328,40.128951],[-88.226328,40.12898],[-88.226708,40.12898],[-88.226763,40.12898],[-88.226887,40.128978],[-88.227136,40.128978],[-88.227329,40.128978],[-88.227525,40.128978],[-88.227727,40.128979],[-88.227814,40.128979],[-88.227923,40.128979],[-88.227923,40.128981],[-88.227924,40.129006],[-88.227924,40.129008],[-88.227926,40.129138],[-88.227929,40.129296],[-88.228358,40.129295],[-88.228376,40.129295],[-88.228555,40.129293],[-88.229048,40.129294],[-88.229048,40.129295],[-88.229053,40.129688],[-88.229053,40.12969],[-88.229059,40.130173],[-88.229059,40.130175],[-88.229062,40.130455],[-88.229065,40.130692],[-88.229066,40.130784],[-88.229066,40.130801],[-88.229069,40.130982],[-88.233899,40.13094],[-88.233899,40.13094],[-88.234146,40.130941],[-88.234147,40.130941],[-88.234903,40.130942],[-88.234904,40.130942],[-88.236151,40.130936],[-88.236151,40.130936],[-88.236151,40.130963],[-88.236166,40.132339],[-88.236166,40.13234],[-88.236166,40.13234],[-88.234696,40.13234],[-88.234329,40.13234],[-88.234328,40.13234],[-88.233462,40.134442],[-88.233357,40.13455],[-88.23331,40.134663],[-88.233093,40.135187],[-88.233013,40.13538],[-88.23634,40.135346],[-88.236341,40.135346],[-88.236346,40.13591],[-88.236351,40.136372],[-88.236351,40.136403],[-88.236351,40.13643],[-88.236355,40.136753],[-88.236356,40.136924],[-88.236361,40.137423],[-88.236365,40.13783],[-88.236368,40.138161],[-88.236382,40.139629],[-88.236507,40.139628],[-88.236507,40.139628],[-88.236511,40.139793],[-88.236518,40.140314],[-88.236528,40.14106],[-88.236529,40.141115],[-88.236529,40.141174],[-88.236529,40.141174],[-88.236529,40.141174],[-88.236405,40.141173],[-88.236404,40.141173],[-88.236404,40.141173],[-88.236404,40.141173],[-88.236404,40.141176],[-88.236407,40.141612],[-88.236407,40.141639],[-88.236407,40.141661],[-88.236407,40.141767],[-88.236407,40.141768],[-88.236408,40.141853],[-88.236465,40.141853],[-88.236554,40.141853],[-88.236642,40.141853],[-88.236731,40.141853],[-88.23682,40.141853],[-88.236826,40.142091],[-88.23683,40.142229],[-88.236918,40.142229],[-88.237007,40.142229],[-88.237096,40.142229],[-88.237185,40.142229],[-88.237273,40.142229],[-88.237362,40.142229],[-88.237361,40.142172],[-88.237808,40.142172],[-88.237989,40.142172],[-88.237987,40.142058],[-88.237986,40.141989],[-88.237984,40.141921],[-88.237983,40.141852],[-88.238421,40.141852],[-88.238839,40.141851],[-88.238857,40.141851],[-88.238857,40.141862],[-88.238858,40.14192],[-88.238859,40.141988],[-88.238861,40.142057],[-88.238863,40.142171],[-88.238864,40.142244],[-88.238865,40.142317],[-88.238867,40.14239],[-88.238868,40.142464],[-88.238432,40.142463],[-88.238433,40.142536],[-88.238434,40.142609],[-88.238438,40.142791],[-88.238439,40.142791],[-88.238775,40.142791],[-88.238874,40.142791],[-88.238875,40.14286],[-88.238876,40.142929],[-88.238877,40.142998],[-88.238879,40.143106],[-88.23888,40.143175],[-88.238881,40.143244],[-88.238883,40.143313],[-88.238884,40.143382],[-88.238885,40.143451],[-88.238886,40.143517],[-88.238886,40.143518],[-88.238803,40.143518],[-88.238738,40.143518],[-88.238457,40.143519],[-88.2383,40.143519],[-88.238012,40.143519],[-88.237833,40.14352],[-88.237396,40.14352],[-88.237307,40.143521],[-88.237217,40.143521],[-88.237127,40.143521],[-88.237037,40.143521],[-88.237009,40.143521],[-88.236947,40.143521],[-88.236857,40.143521],[-88.236767,40.143522],[-88.236677,40.143522],[-88.236587,40.143522],[-88.236524,40.143522],[-88.236497,40.143522],[-88.236408,40.143522],[-88.236318,40.143522],[-88.236228,40.143522],[-88.236138,40.143523],[-88.236048,40.143523],[-88.235958,40.143523],[-88.235868,40.143523],[-88.235778,40.143523],[-88.235688,40.143523],[-88.235598,40.143523],[-88.235509,40.143524],[-88.235384,40.143524],[-88.235294,40.143524],[-88.235205,40.143524],[-88.235115,40.143524],[-88.235026,40.143524],[-88.234936,40.143525],[-88.234847,40.143525],[-88.234757,40.143525],[-88.234668,40.143525],[-88.234578,40.143525],[-88.234489,40.143525],[-88.234399,40.143525],[-88.23431,40.143526],[-88.234221,40.143526],[-88.234131,40.143526],[-88.234042,40.143526],[-88.233952,40.143526],[-88.233915,40.143526],[-88.233863,40.143526],[-88.233773,40.143527],[-88.233684,40.143527],[-88.233594,40.143527],[-88.233379,40.143527],[-88.233291,40.143527],[-88.233203,40.143527],[-88.233114,40.143528],[-88.233026,40.143528],[-88.233026,40.143147],[-88.232938,40.143147],[-88.23285,40.143147],[-88.232761,40.143147],[-88.232673,40.143147],[-88.232584,40.143146],[-88.232498,40.143146],[-88.232407,40.143146],[-88.232319,40.143146],[-88.232231,40.143146],[-88.232142,40.143146],[-88.232142,40.143529],[-88.232141,40.14371],[-88.232172,40.14371],[-88.232196,40.144958],[-88.232196,40.144978],[-88.232237,40.147125],[-88.232239,40.147257],[-88.23224,40.147261],[-88.23224,40.147262],[-88.231524,40.147265],[-88.230928,40.147267],[-88.230814,40.147267],[-88.229544,40.147272],[-88.228094,40.147278],[-88.228093,40.147278],[-88.228066,40.147344],[-88.227439,40.148877],[-88.227336,40.149129],[-88.227188,40.149493],[-88.226445,40.15127],[-88.225868,40.152648],[-88.225256,40.154126],[-88.225091,40.154525],[-88.224304,40.156427],[-88.224265,40.156522],[-88.223905,40.157395],[-88.223254,40.158974],[-88.223072,40.159417],[-88.223021,40.159539],[-88.222832,40.159998]]]},"id":0},{"type":"Feature","properties":{"district":"Northwest","area":"West of Prospect, North of University"},"geometry":{"type":"Polygon","coordinates":[[[-88.277163,40.163643],[-88.277318,40.163644],[-88.277323,40.163644],[-88.277341,40.163644],[-88.277622,40.163645],[-88.277623,40.163919],[-88.283387,40.163956],[-88.283419,40.163956],[-88.283452,40.163956],[-88.283457,40.16363],[-88.283457,40.163589],[-88.283551,40.163581],[-88.284046,40.163537],[-88.284051,40.163537],[-88.284285,40.163516],[-88.284285,40.163512],[-88.284281,40.163488],[-88.28463,40.163516],[-88.284661,40.163519],[-88.284729,40.163233],[-88.284767,40.16307],[-88.284747,40.163068],[-88.284739,40.163067],[-88.284728,40.163065],[-88.284705,40.163062],[-88.284697,40.163061],[-88.284688,40.16306],[-88.284649,40.163056],[-88.28461,40.163052],[-88.284604,40.163051],[-88.28457,40.163048],[-88.284571,40.163046],[-88.284665,40.162698],[-88.284677,40.162654],[-88.284678,40.162652],[-88.284907,40.162704],[-88.285137,40.16276],[-88.285363,40.162833],[-88.285581,40.162903],[-88.285813,40.162977],[-88.286004,40.163039],[-88.286044,40.163052],[-88.286221,40.163109],[-88.286275,40.163126],[-88.286394,40.163165],[-88.286529,40.163193],[-88.286638,40.163215],[-88.286786,40.163246],[-88.287044,40.163299],[-88.287057,40.163302],[-88.287076,40.163306],[-88.287079,40.163307],[-88.287235,40.163004],[-88.287282,40.162843],[-88.287555,40.162364],[-88.287552,40.162364],[-88.287516,40.162359],[-88.287486,40.162354],[-88.287483,40.162354],[-88.287468,40.162352],[-88.287467,40.162351],[-88.287456,40.16235],[-88.28745,40.162349],[-88.287427,40.162345],[-88.287421,40.162344],[-88.287418,40.162343],[-88.287393,40.162339],[-88.287373,40.162336],[-88.287369,40.162335],[-88.287338,40.162329],[-88.28732,40.162326],[-88.287303,40.162323],[-88.287272,40.162317],[-88.287268,40.162316],[-88.287233,40.162309],[-88.287198,40.162302],[-88.287163,40.162294],[-88.287128,40.162287],[-88.287094,40.162279],[-88.287059,40.162271],[-88.287025,40.162263],[-88.286991,40.162254],[-88.286957,40.162246],[-88.286923,40.162237],[-88.286889,40.162228],[-88.286855,40.162219],[-88.286821,40.162209],[-88.286788,40.1622],[-88.286754,40.16219],[-88.286721,40.16218],[-88.286688,40.16217],[-88.286657,40.16216],[-88.286656,40.162159],[-88.286626,40.16215],[-88.28661,40.162145],[-88.286599,40.162141],[-88.286564,40.162129],[-88.286563,40.162129],[-88.286527,40.162117],[-88.286518,40.162114],[-88.286518,40.162114],[-88.286491,40.162104],[-88.286474,40.162098],[-88.286473,40.162098],[-88.286464,40.162094],[-88.286459,40.162093],[-88.286454,40.162091],[-88.286437,40.162085],[-88.286428,40.162081],[-88.286418,40.162078],[-88.286405,40.162073],[-88.286383,40.162065],[-88.286383,40.162065],[-88.286381,40.162064],[-88.286381,40.162064],[-88.286371,40.16206],[-88.286356,40.162054],[-88.286338,40.162047],[-88.28633,40.162044],[-88.28631,40.162036],[-88.286293,40.16203],[-88.28629,40.162028],[-88.28628,40.162024],[-88.28625,40.162012],[-88.286249,40.162012],[-88.28623,40.162004],[-88.28621,40.161996],[-88.286205,40.161994],[-88.286191,40.161988],[-88.286171,40.161979],[-88.286162,40.161975],[-88.286152,40.161971],[-88.286132,40.161962],[-88.286118,40.161956],[-88.286112,40.161953],[-88.286093,40.161945],[-88.286075,40.161937],[-88.286074,40.161936],[-88.286054,40.161927],[-88.286035,40.161918],[-88.286032,40.161917],[-88.286016,40.161909],[-88.28599,40.161897],[-88.285989,40.161897],[-88.285983,40.161894],[-88.285977,40.161891],[-88.285965,40.161885],[-88.28595,40.161878],[-88.285947,40.161876],[-88.285939,40.161872],[-88.28592,40.161863],[-88.285917,40.161862],[-88.285905,40.161856],[-88.285901,40.161854],[-88.285889,40.161848],[-88.285884,40.161845],[-88.285863,40.161834],[-88.285859,40.161832],[-88.28575,40.161776],[-88.285751,40.161776],[-88.285751,40.161775],[-88.285857,40.16164],[-88.285882,40.161608],[-88.285893,40.161594],[-88.285931,40.161546],[-88.285945,40.161528],[-88.286003,40.161455],[-88.286011,40.161445],[-88.285425,40.161151],[-88.285383,40.160989],[-88.285381,40.16098],[-88.285435,40.160916],[-88.285439,40.160911],[-88.285561,40.160774],[-88.285562,40.160774],[-88.285598,40.160793],[-88.285598,40.160792],[-88.285623,40.160765],[-88.28565,40.160735],[-88.28569,40.160691],[-88.285713,40.160665],[-88.285754,40.160619],[-88.285862,40.160499],[-88.285907,40.160449],[-88.285957,40.160393],[-88.286328,40.159981],[-88.286346,40.159961],[-88.286353,40.159952],[-88.286356,40.159949],[-88.286364,40.15994],[-88.286379,40.159923],[-88.286382,40.159919],[-88.286384,40.159916],[-88.2864,40.159898],[-88.286403,40.159893],[-88.286411,40.159883],[-88.286417,40.159876],[-88.286427,40.159863],[-88.286434,40.159855],[-88.286438,40.15985],[-88.286451,40.159833],[-88.286464,40.159817],[-88.286468,40.159812],[-88.286474,40.159803],[-88.286484,40.15979],[-88.286497,40.159773],[-88.2865,40.159768],[-88.286516,40.159746],[-88.28652,40.159742],[-88.286532,40.159724],[-88.286539,40.159715],[-88.286541,40.159711],[-88.286547,40.159702],[-88.286563,40.15968],[-88.286576,40.159659],[-88.286581,40.159652],[-88.286583,40.159649],[-88.286599,40.159624],[-88.286603,40.159618],[-88.286604,40.159616],[-88.286623,40.159586],[-88.286631,40.159573],[-88.286637,40.159563],[-88.286642,40.159554],[-88.286645,40.15955],[-88.286656,40.15953],[-88.286658,40.159527],[-88.286661,40.159523],[-88.286672,40.159503],[-88.286676,40.159497],[-88.286679,40.159491],[-88.286685,40.15948],[-88.286697,40.159458],[-88.286698,40.159456],[-88.28671,40.159432],[-88.286714,40.159426],[-88.286723,40.159409],[-88.28673,40.159394],[-88.286735,40.159385],[-88.286746,40.159361],[-88.286762,40.159328],[-88.286777,40.159295],[-88.286791,40.159262],[-88.286805,40.159229],[-88.286806,40.159229],[-88.286819,40.159196],[-88.286832,40.159162],[-88.286844,40.159129],[-88.286856,40.159095],[-88.286857,40.159092],[-88.286859,40.159083],[-88.286864,40.159069],[-88.286868,40.159055],[-88.286872,40.159044],[-88.28688,40.159018],[-88.28689,40.158993],[-88.286899,40.158968],[-88.28691,40.158942],[-88.286921,40.158917],[-88.286932,40.158893],[-88.286944,40.158868],[-88.286956,40.158843],[-88.286969,40.158819],[-88.286983,40.158795],[-88.286997,40.158771],[-88.287011,40.158747],[-88.287015,40.158741],[-88.287023,40.158728],[-88.287026,40.158723],[-88.287031,40.158716],[-88.287036,40.158708],[-88.287037,40.158707],[-88.287039,40.158703],[-88.287042,40.1587],[-88.287058,40.158676],[-88.287074,40.158653],[-88.287092,40.158631],[-88.287109,40.158608],[-88.287127,40.158585],[-88.287146,40.158563],[-88.287165,40.158541],[-88.287184,40.15852],[-88.287204,40.158498],[-88.287224,40.158477],[-88.287245,40.158456],[-88.287266,40.158435],[-88.287288,40.158415],[-88.28731,40.158395],[-88.287333,40.158375],[-88.287353,40.158358],[-88.287356,40.158356],[-88.287326,40.158335],[-88.287325,40.158333],[-88.287326,40.158333],[-88.287348,40.158314],[-88.287372,40.158295],[-88.287397,40.158277],[-88.287421,40.158259],[-88.287446,40.158241],[-88.287472,40.158223],[-88.287492,40.158209],[-88.287498,40.158206],[-88.287504,40.158202],[-88.287522,40.15819],[-88.287524,40.158189],[-88.287524,40.158188],[-88.287545,40.158176],[-88.28755,40.158172],[-88.287555,40.158169],[-88.287577,40.158156],[-88.287604,40.15814],[-88.287632,40.158124],[-88.28766,40.158108],[-88.287688,40.158093],[-88.287716,40.158079],[-88.287745,40.158064],[-88.287774,40.15805],[-88.287804,40.158037],[-88.288912,40.157528],[-88.289028,40.157475],[-88.28904,40.157469],[-88.289053,40.157464],[-88.28906,40.15746],[-88.289069,40.157456],[-88.289077,40.157452],[-88.289092,40.157446],[-88.289123,40.15743],[-88.289155,40.157415],[-88.289186,40.157399],[-88.289216,40.157382],[-88.289247,40.157366],[-88.289277,40.157349],[-88.289306,40.157331],[-88.289336,40.157314],[-88.289365,40.157296],[-88.289393,40.157277],[-88.289422,40.157259],[-88.28945,40.157239],[-88.289477,40.15722],[-88.289504,40.1572],[-88.289531,40.157181],[-88.289557,40.15716],[-88.289583,40.15714],[-88.289609,40.157119],[-88.289634,40.157098],[-88.289659,40.157076],[-88.289668,40.157067],[-88.289678,40.157059],[-88.289681,40.157056],[-88.289683,40.157054],[-88.289684,40.157053],[-88.2897,40.157039],[-88.289707,40.157032],[-88.289716,40.157024],[-88.28973,40.15701],[-88.289753,40.156987],[-88.289776,40.156965],[-88.289798,40.156942],[-88.289819,40.156918],[-88.289841,40.156895],[-88.289861,40.156871],[-88.289882,40.156847],[-88.289901,40.156822],[-88.289921,40.156798],[-88.289939,40.156773],[-88.289958,40.156748],[-88.289976,40.156723],[-88.289991,40.156701],[-88.289993,40.156698],[-88.289997,40.156691],[-88.290009,40.156673],[-88.290025,40.156649],[-88.29004,40.156624],[-88.290054,40.156599],[-88.290069,40.156574],[-88.290082,40.156549],[-88.290096,40.156524],[-88.290108,40.156499],[-88.290121,40.156473],[-88.290125,40.156463],[-88.290131,40.156451],[-88.290132,40.156447],[-88.290133,40.156447],[-88.290269,40.156477],[-88.291269,40.156697],[-88.291364,40.156698],[-88.295365,40.156703],[-88.295654,40.156703],[-88.295727,40.156766],[-88.295972,40.156973],[-88.296062,40.15705],[-88.296092,40.157076],[-88.297314,40.158115],[-88.297613,40.158369],[-88.29801,40.158707],[-88.298011,40.158706],[-88.298434,40.158308],[-88.298548,40.158201],[-88.29857,40.158169],[-88.299172,40.157305],[-88.299163,40.156709],[-88.29916,40.156505],[-88.299159,40.156427],[-88.299156,40.156229],[-88.298957,40.155708],[-88.29889,40.155532],[-88.298841,40.155405],[-88.298813,40.155379],[-88.298757,40.15533],[-88.298703,40.155282],[-88.298664,40.155247],[-88.298665,40.155246],[-88.298718,40.155211],[-88.298719,40.15521],[-88.299434,40.154725],[-88.299435,40.154725],[-88.299915,40.1544],[-88.299916,40.154399],[-88.300668,40.15389],[-88.300669,40.153889],[-88.300828,40.153782],[-88.300829,40.153781],[-88.300898,40.153734],[-88.300899,40.153734],[-88.301247,40.153498],[-88.301245,40.153496],[-88.300962,40.153362],[-88.300663,40.15322],[-88.299875,40.152846],[-88.29986,40.152839],[-88.29986,40.152839],[-88.29986,40.152839],[-88.299817,40.152892],[-88.299817,40.152892],[-88.296583,40.151356],[-88.296409,40.151273],[-88.29632,40.151231],[-88.296276,40.15121],[-88.296128,40.151139],[-88.295998,40.151077],[-88.29592,40.151038],[-88.295855,40.151004],[-88.29414,40.150118],[-88.294201,40.150048],[-88.293015,40.149439],[-88.29301,40.149437],[-88.292982,40.149422],[-88.29295,40.149405],[-88.292949,40.149405],[-88.292901,40.149379],[-88.292854,40.149353],[-88.292807,40.149327],[-88.292761,40.149301],[-88.292715,40.149274],[-88.292669,40.149247],[-88.292624,40.149219],[-88.292579,40.149192],[-88.292534,40.149163],[-88.292489,40.149135],[-88.292445,40.149106],[-88.292402,40.149077],[-88.292359,40.149047],[-88.292316,40.149017],[-88.292273,40.148987],[-88.292231,40.148957],[-88.29219,40.148926],[-88.292148,40.148895],[-88.292107,40.148863],[-88.292067,40.148832],[-88.292027,40.1488],[-88.291987,40.148767],[-88.291948,40.148735],[-88.291909,40.148702],[-88.291871,40.148669],[-88.291833,40.148635],[-88.291795,40.148601],[-88.291758,40.148567],[-88.291721,40.148533],[-88.291685,40.148498],[-88.29165,40.148463],[-88.291614,40.148428],[-88.291579,40.148393],[-88.291545,40.148357],[-88.291511,40.148321],[-88.291483,40.14829],[-88.291473,40.148296],[-88.290974,40.148561],[-88.290974,40.148562],[-88.290925,40.148616],[-88.290924,40.148617],[-88.290626,40.148464],[-88.290341,40.148318],[-88.289994,40.148139],[-88.289837,40.148059],[-88.289837,40.148052],[-88.289837,40.148026],[-88.289854,40.146613],[-88.289855,40.146613],[-88.290505,40.146524],[-88.29052,40.146522],[-88.290371,40.145879],[-88.290358,40.145823],[-88.290353,40.145808],[-88.290338,40.145764],[-88.290322,40.14572],[-88.290306,40.145677],[-88.290296,40.145652],[-88.290289,40.145633],[-88.290271,40.14559],[-88.290254,40.145547],[-88.290235,40.145504],[-88.290216,40.145461],[-88.290197,40.145418],[-88.290177,40.145376],[-88.290157,40.145333],[-88.290136,40.145291],[-88.290114,40.145249],[-88.290092,40.145207],[-88.290089,40.145201],[-88.29007,40.145165],[-88.290047,40.145123],[-88.290023,40.145082],[-88.289999,40.14504],[-88.289975,40.144999],[-88.28995,40.144958],[-88.289924,40.144917],[-88.289898,40.144876],[-88.289872,40.144836],[-88.289845,40.144796],[-88.289817,40.144756],[-88.289748,40.144661],[-88.289741,40.144652],[-88.289736,40.144645],[-88.289734,40.144642],[-88.289732,40.144639],[-88.28972,40.144623],[-88.289719,40.144622],[-88.289718,40.14462],[-88.289717,40.144619],[-88.289716,40.144618],[-88.289713,40.144613],[-88.2897,40.144595],[-88.2897,40.144595],[-88.289691,40.144584],[-88.289683,40.144573],[-88.289683,40.144572],[-88.289675,40.144561],[-88.289674,40.144559],[-88.28967,40.144554],[-88.289669,40.144553],[-88.289666,40.144549],[-88.289497,40.14427],[-88.289473,40.144229],[-88.289355,40.144024],[-88.289331,40.143983],[-88.289314,40.143966],[-88.289305,40.143957],[-88.289296,40.143947],[-88.289295,40.143946],[-88.28929,40.143942],[-88.289278,40.14393],[-88.289278,40.14393],[-88.28926,40.143912],[-88.289258,40.14391],[-88.289252,40.143904],[-88.289249,40.143901],[-88.289225,40.143878],[-88.289224,40.143877],[-88.289221,40.143874],[-88.289208,40.143861],[-88.289198,40.143852],[-88.289196,40.14385],[-88.289192,40.143846],[-88.289187,40.143842],[-88.289184,40.143838],[-88.289171,40.143826],[-88.289165,40.143821],[-88.289151,40.143807],[-88.289146,40.143803],[-88.289143,40.143801],[-88.289123,40.143782],[-88.289116,40.143775],[-88.289113,40.143773],[-88.289108,40.143768],[-88.289088,40.14375],[-88.28908,40.143742],[-88.289076,40.143739],[-88.289069,40.143733],[-88.28906,40.143725],[-88.289053,40.143719],[-88.289048,40.143714],[-88.289038,40.143705],[-88.289036,40.143703],[-88.289032,40.1437],[-88.28903,40.143698],[-88.289003,40.143675],[-88.288999,40.143672],[-88.288992,40.143665],[-88.28899,40.143664],[-88.288974,40.14365],[-88.28896,40.143638],[-88.28895,40.14363],[-88.288947,40.143627],[-88.288945,40.143625],[-88.288921,40.143605],[-88.288916,40.143601],[-88.28891,40.143596],[-88.288903,40.14359],[-88.288901,40.143589],[-88.288899,40.143587],[-88.288887,40.143577],[-88.288882,40.143572],[-88.288871,40.143564],[-88.288857,40.143553],[-88.288856,40.143551],[-88.288842,40.14354],[-88.288832,40.143532],[-88.288827,40.143529],[-88.288809,40.143514],[-88.288801,40.143508],[-88.288797,40.143505],[-88.288792,40.143501],[-88.288767,40.143481],[-88.288762,40.143477],[-88.28876,40.143476],[-88.288753,40.14347],[-88.288748,40.143466],[-88.288745,40.143464],[-88.288737,40.143458],[-88.288719,40.143444],[-88.288715,40.143441],[-88.288712,40.143439],[-88.288706,40.143434],[-88.288678,40.143413],[-88.288675,40.143411],[-88.288672,40.143408],[-88.288667,40.143405],[-88.288644,40.143388],[-88.288636,40.143382],[-88.288631,40.143378],[-88.288619,40.14337],[-88.288613,40.143365],[-88.288594,40.143351],[-88.28859,40.143348],[-88.288587,40.143346],[-88.288586,40.143345],[-88.288581,40.143342],[-88.28857,40.143334],[-88.288551,40.143321],[-88.28855,40.14332],[-88.288548,40.143318],[-88.288521,40.1433],[-88.288518,40.143297],[-88.288508,40.14329],[-88.288506,40.143289],[-88.288486,40.143275],[-88.288471,40.143265],[-88.288465,40.143261],[-88.288464,40.14326],[-88.288454,40.143253],[-88.288421,40.143231],[-88.288302,40.143151],[-88.288252,40.143118],[-88.28824,40.143109],[-88.288239,40.143109],[-88.288165,40.14306],[-88.287943,40.142925],[-88.287747,40.142805],[-88.287484,40.142645],[-88.287239,40.142495],[-88.28724,40.142495],[-88.287466,40.142465],[-88.287467,40.142464],[-88.287928,40.142121],[-88.286655,40.142118],[-88.286635,40.142105],[-88.28658,40.142105],[-88.286466,40.142029],[-88.286457,40.142022],[-88.286349,40.142117],[-88.286348,40.142117],[-88.286056,40.142375],[-88.286055,40.142376],[-88.285924,40.142376],[-88.285745,40.142377],[-88.285689,40.142377],[-88.285421,40.142378],[-88.285421,40.142289],[-88.285421,40.142187],[-88.285421,40.14218],[-88.285421,40.142159],[-88.285421,40.142116],[-88.285421,40.142116],[-88.28569,40.142116],[-88.28569,40.142115],[-88.286099,40.141782],[-88.285589,40.14144],[-88.285027,40.141099],[-88.284266,40.140589],[-88.284229,40.140564],[-88.284214,40.140554],[-88.284208,40.14055],[-88.284191,40.140539],[-88.284161,40.140519],[-88.284154,40.140514],[-88.284149,40.140511],[-88.284116,40.14049],[-88.284108,40.140485],[-88.28409,40.140474],[-88.284077,40.140466],[-88.284055,40.140452],[-88.284055,40.140451],[-88.284055,40.140451],[-88.284039,40.140442],[-88.28403,40.140436],[-88.284001,40.140418],[-88.284001,40.140418],[-88.28397,40.140399],[-88.283962,40.140394],[-88.283947,40.140385],[-88.283923,40.14037],[-88.28391,40.140362],[-88.283893,40.140352],[-88.283884,40.140347],[-88.283849,40.140326],[-88.283845,40.140324],[-88.283838,40.14032],[-88.283838,40.14032],[-88.283838,40.140319],[-88.283806,40.1403],[-88.283787,40.14029],[-88.283783,40.140288],[-88.283766,40.140278],[-88.283728,40.140256],[-88.283726,40.140255],[-88.283725,40.140254],[-88.283686,40.140232],[-88.283672,40.140224],[-88.283663,40.140219],[-88.283646,40.14021],[-88.283616,40.140193],[-88.283616,40.140193],[-88.283616,40.140193],[-88.283606,40.140188],[-88.2836,40.140185],[-88.283566,40.140166],[-88.28356,40.140163],[-88.283537,40.140151],[-88.283525,40.140144],[-88.283503,40.140132],[-88.283484,40.140122],[-88.283474,40.140117],[-88.283446,40.140102],[-88.283444,40.140101],[-88.28341,40.140083],[-88.283402,40.14008],[-88.283389,40.140072],[-88.283388,40.140072],[-88.283388,40.140072],[-88.283388,40.140072],[-88.283361,40.140058],[-88.283346,40.140051],[-88.283331,40.140043],[-88.28332,40.140037],[-88.283281,40.140018],[-88.283278,40.140017],[-88.283273,40.140014],[-88.283237,40.139996],[-88.283216,40.139986],[-88.283215,40.139986],[-88.283195,40.139976],[-88.283156,40.139957],[-88.283156,40.139957],[-88.283153,40.139956],[-88.283151,40.139955],[-88.283111,40.139936],[-88.283098,40.139929],[-88.283085,40.139924],[-88.283068,40.139916],[-88.283038,40.139902],[-88.283026,40.139896],[-88.283019,40.139893],[-88.282983,40.139877],[-88.282979,40.139875],[-88.282953,40.139863],[-88.282941,40.139858],[-88.282919,40.139848],[-88.282919,40.139848],[-88.282898,40.139838],[-88.282886,40.139833],[-88.282859,40.139822],[-88.282855,40.13982],[-88.282819,40.139804],[-88.282812,40.139801],[-88.282799,40.139796],[-88.282768,40.139782],[-88.282751,40.139775],[-88.282738,40.13977],[-88.282725,40.139764],[-88.282683,40.139747],[-88.282681,40.139746],[-88.282678,40.139745],[-88.282678,40.139745],[-88.282638,40.139728],[-88.282617,40.13972],[-88.282615,40.139719],[-88.282594,40.139711],[-88.282555,40.139695],[-88.28255,40.139693],[-88.282547,40.139692],[-88.282506,40.139676],[-88.282494,40.139671],[-88.282478,40.139665],[-88.282461,40.139659],[-88.282432,40.139647],[-88.282432,40.139647],[-88.282431,40.139647],[-88.282417,40.139642],[-88.282409,40.139639],[-88.282373,40.139625],[-88.28237,40.139624],[-88.282339,40.139613],[-88.282328,40.139608],[-88.282307,40.139601],[-88.282283,40.139592],[-88.28227,40.139587],[-88.282245,40.139578],[-88.282238,40.139576],[-88.2822,40.139562],[-88.282193,40.13956],[-88.282182,40.139556],[-88.282182,40.139556],[-88.282182,40.139556],[-88.282182,40.139556],[-88.282148,40.139544],[-88.282129,40.139538],[-88.282119,40.139534],[-88.282103,40.139529],[-88.282059,40.139514],[-88.282058,40.139513],[-88.282056,40.139513],[-88.282012,40.139498],[-88.281992,40.139492],[-88.281988,40.13949],[-88.281967,40.139483],[-88.281929,40.139471],[-88.281928,40.139471],[-88.281928,40.139471],[-88.281921,40.139469],[-88.281917,40.139467],[-88.281875,40.139454],[-88.281865,40.139451],[-88.281845,40.139445],[-88.281829,40.13944],[-88.281801,40.139431],[-88.281783,40.139426],[-88.281774,40.139423],[-88.281737,40.139412],[-88.281736,40.139411],[-88.281702,40.139401],[-88.281691,40.139398],[-88.281672,40.139393],[-88.281672,40.139392],[-88.281672,40.139392],[-88.281671,40.139392],[-88.281645,40.139385],[-88.28163,40.13938],[-88.281607,40.139374],[-88.281598,40.139371],[-88.281557,40.13936],[-88.281552,40.139358],[-88.281542,40.139355],[-88.281505,40.139345],[-88.281485,40.13934],[-88.281477,40.139338],[-88.281459,40.139333],[-88.281412,40.13932],[-88.281199,40.138369],[-88.280691,40.136102],[-88.280638,40.136083],[-88.280598,40.136069],[-88.280219,40.135932],[-88.277299,40.134882],[-88.277293,40.134879],[-88.277267,40.13487],[-88.277262,40.134739],[-88.277262,40.134731],[-88.277255,40.134562],[-88.277256,40.134562],[-88.277264,40.134565],[-88.277714,40.134728],[-88.277747,40.13474],[-88.277755,40.134743],[-88.277812,40.134763],[-88.28049,40.135726],[-88.283114,40.13667],[-88.283114,40.13667],[-88.283124,40.136674],[-88.283723,40.136889],[-88.285304,40.137458],[-88.286411,40.137853],[-88.286522,40.137893],[-88.28802,40.13843],[-88.288874,40.138737],[-88.290744,40.139408],[-88.291034,40.139513],[-88.292008,40.139863],[-88.292009,40.139862],[-88.292011,40.13986],[-88.292012,40.13986],[-88.292362,40.139553],[-88.293198,40.138655],[-88.293198,40.138655],[-88.2934,40.138478],[-88.293401,40.138477],[-88.293643,40.138265],[-88.293644,40.138265],[-88.294848,40.13721],[-88.294849,40.13721],[-88.294899,40.13717],[-88.2949,40.137169],[-88.295346,40.136816],[-88.295347,40.136815],[-88.29575,40.136462],[-88.295754,40.136661],[-88.295754,40.136663],[-88.295826,40.136664],[-88.295933,40.136665],[-88.296668,40.136675],[-88.296682,40.136675],[-88.297138,40.136682],[-88.297149,40.136682],[-88.29715,40.136727],[-88.297158,40.137148],[-88.297158,40.137169],[-88.297158,40.137176],[-88.298301,40.137191],[-88.300087,40.137216],[-88.3013,40.137232],[-88.305252,40.137286],[-88.305252,40.137285],[-88.305252,40.137257],[-88.305252,40.137254],[-88.305251,40.137169],[-88.305228,40.135104],[-88.305227,40.134979],[-88.305226,40.134917],[-88.305227,40.134917],[-88.307722,40.134968],[-88.311395,40.135042],[-88.312374,40.135062],[-88.312394,40.135063],[-88.312407,40.135063],[-88.31458,40.135107],[-88.314597,40.135108],[-88.3146,40.135108],[-88.314795,40.135112],[-88.314884,40.135112],[-88.314922,40.135112],[-88.314922,40.135111],[-88.314918,40.134588],[-88.314893,40.133286],[-88.314893,40.133286],[-88.314893,40.133286],[-88.314894,40.133286],[-88.314911,40.133285],[-88.314911,40.133285],[-88.314899,40.132605],[-88.314893,40.132331],[-88.314887,40.131968],[-88.314837,40.129311],[-88.314836,40.129276],[-88.314835,40.129215],[-88.314829,40.12873],[-88.314828,40.128694],[-88.314819,40.127974],[-88.314818,40.127951],[-88.314818,40.12794],[-88.314817,40.127879],[-88.314813,40.127802],[-88.314809,40.127731],[-88.31479,40.126165],[-88.314746,40.122457],[-88.314742,40.122127],[-88.314741,40.122005],[-88.314742,40.122005],[-88.315015,40.122004],[-88.315015,40.122003],[-88.315068,40.120643],[-88.315071,40.120567],[-88.315067,40.120534],[-88.315055,40.120434],[-88.315017,40.120096],[-88.314984,40.119809],[-88.314558,40.1198],[-88.314247,40.119793],[-88.314068,40.119789],[-88.312762,40.119781],[-88.312756,40.119781],[-88.310683,40.119753],[-88.309517,40.119692],[-88.308899,40.11966],[-88.308897,40.11966],[-88.307835,40.11922],[-88.307252,40.11837],[-88.307229,40.118336],[-88.306487,40.117969],[-88.30597,40.117713],[-88.305588,40.117139],[-88.305534,40.117133],[-88.305023,40.117075],[-88.304443,40.117009],[-88.304443,40.117009],[-88.303987,40.117781],[-88.303987,40.117781],[-88.303583,40.117937],[-88.303368,40.11802],[-88.302714,40.118273],[-88.302714,40.118273],[-88.302481,40.118493],[-88.30168,40.119248],[-88.30168,40.119249],[-88.30162,40.119262],[-88.301603,40.119265],[-88.300531,40.119496],[-88.3003,40.119504],[-88.300298,40.119504],[-88.300303,40.119839],[-88.299839,40.119833],[-88.29919,40.119825],[-88.298871,40.119822],[-88.298843,40.119821],[-88.298838,40.119821],[-88.298557,40.119818],[-88.297251,40.119803],[-88.296844,40.119799],[-88.296302,40.119793],[-88.295846,40.119788],[-88.295538,40.119784],[-88.293692,40.119763],[-88.293399,40.119758],[-88.293106,40.11975],[-88.292981,40.119745],[-88.292695,40.119729],[-88.292409,40.119706],[-88.292123,40.119676],[-88.29184,40.11964],[-88.291558,40.119597],[-88.291277,40.119547],[-88.290999,40.119491],[-88.290723,40.119428],[-88.290502,40.119373],[-88.290226,40.119298],[-88.289953,40.119215],[-88.289683,40.119126],[-88.289417,40.119031],[-88.289156,40.118929],[-88.288898,40.118821],[-88.288701,40.118732],[-88.288571,40.118671],[-88.288524,40.118648],[-88.288318,40.118547],[-88.288224,40.118499],[-88.288032,40.118398],[-88.287843,40.118294],[-88.287657,40.118187],[-88.287431,40.118055],[-88.286844,40.117737],[-88.286843,40.117737],[-88.286626,40.117617],[-88.285792,40.117224],[-88.28539,40.11707],[-88.285212,40.117009],[-88.284851,40.116899],[-88.284817,40.116889],[-88.284744,40.116867],[-88.284266,40.116746],[-88.284032,40.116698],[-88.283977,40.116687],[-88.283598,40.11662],[-88.283497,40.116606],[-88.283329,40.116583],[-88.282999,40.116548],[-88.282602,40.11652],[-88.28227,40.116503],[-88.281703,40.116502],[-88.2803,40.116484],[-88.278971,40.116467],[-88.277249,40.116445],[-88.276902,40.11644],[-88.276833,40.116439],[-88.267334,40.116363],[-88.262589,40.116324],[-88.262576,40.116324],[-88.260258,40.116305],[-88.257857,40.116286],[-88.257951,40.13088],[-88.257951,40.130976],[-88.257951,40.131002],[-88.257957,40.131815],[-88.257958,40.132064],[-88.257988,40.136725],[-88.257989,40.136941],[-88.257996,40.137908],[-88.258004,40.139232],[-88.257911,40.140125],[-88.257913,40.140646],[-88.257917,40.142616],[-88.257955,40.145605],[-88.257967,40.146474],[-88.257986,40.147409],[-88.257995,40.147843],[-88.257996,40.147934],[-88.257997,40.14796],[-88.258002,40.14821],[-88.258102,40.154571],[-88.258104,40.15487],[-88.258118,40.156985],[-88.258203,40.156984],[-88.258274,40.156984],[-88.258387,40.156982],[-88.258387,40.156982],[-88.259313,40.156967],[-88.259531,40.156963],[-88.261159,40.156935],[-88.261402,40.156926],[-88.261413,40.156926],[-88.262257,40.156896],[-88.262321,40.156894],[-88.262729,40.156899],[-88.262797,40.1569],[-88.265281,40.156931],[-88.266958,40.156953],[-88.267005,40.156953],[-88.267045,40.156954],[-88.267075,40.156954],[-88.2673,40.156957],[-88.267301,40.156957],[-88.267301,40.156957],[-88.267517,40.156975],[-88.267592,40.156982],[-88.267592,40.15701],[-88.268553,40.157051],[-88.268602,40.157062],[-88.268624,40.157067],[-88.268686,40.157081],[-88.2687,40.157084],[-88.269383,40.157237],[-88.269459,40.157869],[-88.269229,40.158333],[-88.268792,40.158734],[-88.267711,40.159726],[-88.267687,40.159748],[-88.267734,40.159779],[-88.26838,40.160182],[-88.268444,40.160223],[-88.270801,40.160248],[-88.272262,40.160263],[-88.272264,40.160263],[-88.273259,40.160272],[-88.273261,40.160272],[-88.273377,40.160273],[-88.273379,40.160273],[-88.273495,40.160274],[-88.273497,40.160274],[-88.273946,40.160277],[-88.273946,40.160277],[-88.273946,40.160277],[-88.273948,40.160277],[-88.273948,40.160277],[-88.274722,40.160284],[-88.274724,40.160284],[-88.275111,40.160287],[-88.275113,40.160287],[-88.27581,40.160293],[-88.275812,40.160293],[-88.276827,40.160302],[-88.276966,40.160303],[-88.276977,40.160303],[-88.276979,40.160303],[-88.277019,40.160303],[-88.277019,40.160303],[-88.277019,40.160353],[-88.27702,40.160742],[-88.277023,40.161611],[-88.277024,40.163643],[-88.277157,40.163643],[-88.277163,40.163643]],[[-88.276733,40.149368],[-88.277002,40.14937],[-88.277323,40.149371],[-88.278828,40.149374],[-88.279513,40.149376],[-88.279608,40.149376],[-88.28094,40.149379],[-88.280939,40.14938],[-88.280938,40.149381],[-88.27917,40.150767],[-88.279169,40.150767],[-88.279106,40.150822],[-88.279105,40.150823],[-88.278708,40.15117],[-88.278707,40.151171],[-88.27862,40.151248],[-88.27862,40.151248],[-88.278619,40.151248],[-88.278619,40.151248],[-88.277556,40.152178],[-88.277399,40.152316],[-88.277398,40.152317],[-88.277386,40.151231],[-88.27738,40.151075],[-88.277364,40.150573],[-88.27734,40.149854],[-88.277008,40.149854],[-88.276736,40.149853],[-88.2767,40.149853],[-88.275954,40.149852],[-88.275953,40.149408],[-88.275954,40.149408],[-88.276733,40.149408],[-88.276733,40.149408],[-88.276732,40.14937],[-88.276733,40.149368],[-88.276733,40.149368]],[[-88.280152,40.148805],[-88.280151,40.148806],[-88.279223,40.148808],[-88.277279,40.148811],[-88.276995,40.148812],[-88.276994,40.148738],[-88.276994,40.14872],[-88.276993,40.148624],[-88.276768,40.148629],[-88.276766,40.147542],[-88.276731,40.147539],[-88.27698,40.147539],[-88.277223,40.147539],[-88.277226,40.14702],[-88.276973,40.147023],[-88.276725,40.147025],[-88.27655,40.147026],[-88.27522,40.147033],[-88.275061,40.147034],[-88.275056,40.147034],[-88.27502,40.147034],[-88.27502,40.14704],[-88.27502,40.147057],[-88.27502,40.147071],[-88.27501,40.147069],[-88.275007,40.147069],[-88.275,40.147067],[-88.274998,40.147067],[-88.274994,40.147066],[-88.274992,40.147066],[-88.27499,40.147065],[-88.274981,40.147063],[-88.27498,40.147063],[-88.27498,40.147063],[-88.27497,40.14706],[-88.274965,40.147059],[-88.274964,40.147059],[-88.274959,40.147057],[-88.274952,40.147055],[-88.274951,40.147055],[-88.274949,40.147054],[-88.274948,40.147054],[-88.274938,40.147051],[-88.274936,40.14705],[-88.274935,40.14705],[-88.274932,40.147049],[-88.274928,40.147047],[-88.274924,40.147046],[-88.274922,40.147045],[-88.274918,40.147044],[-88.274917,40.147043],[-88.274908,40.14704],[-88.274902,40.147037],[-88.274898,40.147036],[-88.274894,40.147034],[-88.274888,40.147031],[-88.274887,40.147031],[-88.27488,40.147028],[-88.274878,40.147027],[-88.274874,40.147025],[-88.274872,40.147024],[-88.274869,40.147022],[-88.274867,40.147021],[-88.27486,40.147017],[-88.274858,40.147017],[-88.274854,40.147014],[-88.274852,40.147013],[-88.27485,40.147012],[-88.274844,40.147009],[-88.274843,40.147008],[-88.274841,40.147007],[-88.27484,40.147007],[-88.274839,40.147006],[-88.274833,40.147002],[-88.274831,40.147001],[-88.274829,40.147],[-88.274827,40.146998],[-88.274825,40.146997],[-88.274824,40.146996],[-88.274823,40.146996],[-88.274822,40.146995],[-88.274818,40.146992],[-88.274817,40.146992],[-88.274815,40.146991],[-88.274815,40.14699],[-88.274814,40.146989],[-88.274812,40.146989],[-88.274807,40.146985],[-88.274806,40.146984],[-88.274805,40.146983],[-88.274805,40.146983],[-88.274805,40.146983],[-88.274799,40.146979],[-88.274795,40.146976],[-88.274795,40.146976],[-88.274794,40.146975],[-88.274793,40.146974],[-88.274791,40.146973],[-88.274784,40.146966],[-88.274783,40.146966],[-88.274783,40.146966],[-88.274781,40.146964],[-88.274776,40.14696],[-88.274776,40.14696],[-88.274776,40.146959],[-88.274775,40.146958],[-88.274773,40.146957],[-88.274772,40.146956],[-88.27477,40.146954],[-88.274769,40.146953],[-88.274765,40.146949],[-88.274763,40.146948],[-88.274762,40.146946],[-88.274761,40.146946],[-88.274759,40.146944],[-88.274758,40.146943],[-88.274755,40.14694],[-88.274754,40.146938],[-88.274749,40.146933],[-88.274749,40.146933],[-88.274745,40.146928],[-88.274742,40.146925],[-88.27474,40.146923],[-88.274736,40.146918],[-88.274731,40.146911],[-88.27473,40.146911],[-88.274728,40.146908],[-88.274726,40.146906],[-88.274726,40.146905],[-88.274725,40.146903],[-88.274722,40.1469],[-88.27472,40.146897],[-88.274719,40.146896],[-88.274714,40.146888],[-88.274714,40.146888],[-88.274713,40.146886],[-88.274709,40.14688],[-88.274707,40.146876],[-88.274706,40.146875],[-88.274705,40.146872],[-88.2747,40.146864],[-88.274667,40.146794],[-88.274617,40.14669],[-88.274613,40.146683],[-88.274611,40.14668],[-88.274611,40.146679],[-88.274609,40.146676],[-88.274605,40.146671],[-88.274605,40.14667],[-88.274604,40.146669],[-88.2746,40.146663],[-88.274599,40.146662],[-88.274597,40.146659],[-88.274595,40.146657],[-88.274592,40.146653],[-88.27459,40.146651],[-88.274589,40.14665],[-88.274585,40.146645],[-88.274584,40.146644],[-88.274581,40.14664],[-88.274579,40.146638],[-88.274576,40.146635],[-88.274574,40.146633],[-88.274572,40.146631],[-88.274568,40.146627],[-88.274568,40.146627],[-88.274562,40.146622],[-88.274561,40.146621],[-88.274559,40.146619],[-88.274555,40.146616],[-88.274552,40.146614],[-88.27455,40.146612],[-88.274548,40.14661],[-88.274542,40.146606],[-88.274541,40.146605],[-88.27454,40.146604],[-88.274534,40.1466],[-88.274531,40.146598],[-88.27453,40.146597],[-88.274527,40.146595],[-88.27452,40.146591],[-88.274512,40.146586],[-88.274509,40.146584],[-88.274508,40.146584],[-88.274504,40.146582],[-88.274498,40.146578],[-88.274496,40.146578],[-88.274496,40.146577],[-88.274488,40.146574],[-88.274486,40.146573],[-88.274483,40.146571],[-88.27448,40.14657],[-88.274474,40.146567],[-88.274472,40.146566],[-88.27447,40.146566],[-88.274463,40.146563],[-88.274462,40.146562],[-88.274457,40.14656],[-88.274454,40.14656],[-88.27445,40.146558],[-88.274446,40.146556],[-88.274443,40.146556],[-88.274438,40.146554],[-88.274437,40.146554],[-88.274429,40.146551],[-88.274428,40.146551],[-88.274425,40.14655],[-88.274419,40.146549],[-88.274415,40.146548],[-88.274412,40.146547],[-88.274409,40.146546],[-88.274401,40.146545],[-88.2744,40.146544],[-88.274399,40.146544],[-88.274391,40.146543],[-88.274387,40.146542],[-88.274385,40.146542],[-88.274381,40.146541],[-88.274372,40.14654],[-88.272656,40.146544],[-88.272253,40.146545],[-88.272224,40.146545],[-88.272228,40.146226],[-88.272228,40.146195],[-88.272231,40.145981],[-88.272233,40.145733],[-88.272234,40.1457],[-88.272213,40.145694],[-88.272208,40.145692],[-88.2722,40.145689],[-88.272193,40.145687],[-88.272183,40.145683],[-88.272174,40.145679],[-88.272167,40.145677],[-88.272159,40.145674],[-88.272154,40.145672],[-88.272134,40.145665],[-88.27213,40.145663],[-88.272127,40.145662],[-88.272121,40.14566],[-88.27212,40.145659],[-88.272118,40.145659],[-88.272117,40.145658],[-88.272116,40.145658],[-88.272111,40.145656],[-88.2721,40.145652],[-88.272091,40.145648],[-88.272089,40.145647],[-88.272077,40.145643],[-88.272071,40.14564],[-88.272067,40.145638],[-88.272066,40.145638],[-88.272057,40.145634],[-88.272045,40.145629],[-88.272039,40.145627],[-88.272025,40.145621],[-88.272022,40.145619],[-88.272011,40.145615],[-88.272,40.14561],[-88.271994,40.145607],[-88.271986,40.145603],[-88.271983,40.145602],[-88.271978,40.1456],[-88.271963,40.145593],[-88.271962,40.145593],[-88.271956,40.145589],[-88.271943,40.145583],[-88.271943,40.145583],[-88.271937,40.145581],[-88.271932,40.145578],[-88.271928,40.145576],[-88.271919,40.145572],[-88.271901,40.145563],[-88.271889,40.145557],[-88.271886,40.145556],[-88.271882,40.145554],[-88.271694,40.145463],[-88.271692,40.145462],[-88.271654,40.145444],[-88.271499,40.145369],[-88.271496,40.145367],[-88.2714,40.145321],[-88.27133,40.145287],[-88.271325,40.145285],[-88.271323,40.145284],[-88.271317,40.145281],[-88.271311,40.145278],[-88.271309,40.145277],[-88.271305,40.145276],[-88.271304,40.145275],[-88.271301,40.145274],[-88.271299,40.145272],[-88.271289,40.145268],[-88.271281,40.145264],[-88.271279,40.145264],[-88.271271,40.14526],[-88.271266,40.145258],[-88.271264,40.145257],[-88.271256,40.145254],[-88.271251,40.145251],[-88.271244,40.145248],[-88.271236,40.145245],[-88.271231,40.145243],[-88.27123,40.145243],[-88.271222,40.145239],[-88.271215,40.145236],[-88.271212,40.145235],[-88.271206,40.145233],[-88.271195,40.145229],[-88.271185,40.145225],[-88.271181,40.145223],[-88.271175,40.145221],[-88.271156,40.145214],[-88.27115,40.145212],[-88.27115,40.145211],[-88.271144,40.145209],[-88.271142,40.145208],[-88.271138,40.145207],[-88.271136,40.145206],[-88.271131,40.145205],[-88.271128,40.145204],[-88.271127,40.145203],[-88.271116,40.145199],[-88.27111,40.145197],[-88.271108,40.145197],[-88.271107,40.145196],[-88.271089,40.145191],[-88.271087,40.14519],[-88.271076,40.145187],[-88.271072,40.145185],[-88.27107,40.145184],[-88.271069,40.145184],[-88.271059,40.145181],[-88.27105,40.145179],[-88.271044,40.145177],[-88.271031,40.145173],[-88.27103,40.145172],[-88.271017,40.145169],[-88.271012,40.145167],[-88.27101,40.145167],[-88.271001,40.145164],[-88.270992,40.145162],[-88.270979,40.145158],[-88.270973,40.145157],[-88.270972,40.145156],[-88.270953,40.145152],[-88.270946,40.14515],[-88.270943,40.145149],[-88.270933,40.145147],[-88.270913,40.145142],[-88.270903,40.14514],[-88.270892,40.145137],[-88.270886,40.145136],[-88.270879,40.145135],[-88.270876,40.145134],[-88.270869,40.145133],[-88.270867,40.145132],[-88.270866,40.145132],[-88.270848,40.145128],[-88.270846,40.145128],[-88.270841,40.145127],[-88.270825,40.145124],[-88.270821,40.145123],[-88.270814,40.145122],[-88.270803,40.14512],[-88.270793,40.145118],[-88.27079,40.145118],[-88.270789,40.145117],[-88.270789,40.145117],[-88.270787,40.145117],[-88.270782,40.145116],[-88.270766,40.145114],[-88.270761,40.145113],[-88.270744,40.14511],[-88.270741,40.14511],[-88.270738,40.14511],[-88.270735,40.145109],[-88.270727,40.145108],[-88.27071,40.145106],[-88.270709,40.145106],[-88.270709,40.145106],[-88.2707,40.145105],[-88.270699,40.145104],[-88.270698,40.145104],[-88.270676,40.145102],[-88.270669,40.145101],[-88.270664,40.1451],[-88.270655,40.1451],[-88.270639,40.145098],[-88.270634,40.145097],[-88.270631,40.145097],[-88.270613,40.145096],[-88.27061,40.145095],[-88.270598,40.145094],[-88.270592,40.145094],[-88.270581,40.145093],[-88.270581,40.145093],[-88.270581,40.145093],[-88.27057,40.145092],[-88.270564,40.145092],[-88.270552,40.145091],[-88.270549,40.145091],[-88.270531,40.14509],[-88.270528,40.14509],[-88.270522,40.14509],[-88.27051,40.145089],[-88.270506,40.145089],[-88.270497,40.145089],[-88.270493,40.145089],[-88.27049,40.145089],[-88.270485,40.145089],[-88.270463,40.145088],[-88.270457,40.145088],[-88.270446,40.145088],[-88.270434,40.145088],[-88.270428,40.145088],[-88.270428,40.145074],[-88.270426,40.14493],[-88.270426,40.144917],[-88.270425,40.144859],[-88.270425,40.144859],[-88.270425,40.144858],[-88.270425,40.144858],[-88.270425,40.144858],[-88.270425,40.144857],[-88.270425,40.144853],[-88.270426,40.144851],[-88.270426,40.14485],[-88.270426,40.144848],[-88.270426,40.144847],[-88.270426,40.144846],[-88.270427,40.144846],[-88.270427,40.144845],[-88.270427,40.144843],[-88.270428,40.144842],[-88.270428,40.14484],[-88.270429,40.144838],[-88.270429,40.144838],[-88.27043,40.144837],[-88.27043,40.144836],[-88.27043,40.144835],[-88.270431,40.144834],[-88.270431,40.144833],[-88.270432,40.144831],[-88.270434,40.144828],[-88.270434,40.144828],[-88.270434,40.144828],[-88.270435,40.144827],[-88.270436,40.144826],[-88.270437,40.144824],[-88.270438,40.144823],[-88.270439,40.144821],[-88.270441,40.144819],[-88.270442,40.144818],[-88.270442,40.144818],[-88.270443,40.144817],[-88.270443,40.144817],[-88.270445,40.144815],[-88.270446,40.144814],[-88.270447,40.144813],[-88.270449,40.144812],[-88.27045,40.14481],[-88.270452,40.144809],[-88.270452,40.144809],[-88.270453,40.144808],[-88.270454,40.144807],[-88.270455,40.144807],[-88.270456,40.144806],[-88.270457,40.144806],[-88.270457,40.144806],[-88.270461,40.144803],[-88.270463,40.144802],[-88.270463,40.144802],[-88.270464,40.144801],[-88.270466,40.1448],[-88.270468,40.1448],[-88.270468,40.1448],[-88.270469,40.144799],[-88.270469,40.144799],[-88.27047,40.144799],[-88.270472,40.144798],[-88.270473,40.144797],[-88.270476,40.144796],[-88.270477,40.144796],[-88.270479,40.144795],[-88.270479,40.144795],[-88.27048,40.144795],[-88.270482,40.144794],[-88.270483,40.144794],[-88.270485,40.144793],[-88.270486,40.144793],[-88.27049,40.144792],[-88.270491,40.144792],[-88.270492,40.144792],[-88.270492,40.144792],[-88.270493,40.144792],[-88.270495,40.144791],[-88.270497,40.144791],[-88.270499,40.144791],[-88.2705,40.14479],[-88.270504,40.14479],[-88.270505,40.14479],[-88.270505,40.14479],[-88.270506,40.14479],[-88.270506,40.14479],[-88.27051,40.14479],[-88.270512,40.14479],[-88.270512,40.14479],[-88.270515,40.14479],[-88.270519,40.14479],[-88.270542,40.144791],[-88.270552,40.144791],[-88.270565,40.144792],[-88.270584,40.144793],[-88.270588,40.144794],[-88.270597,40.144794],[-88.270603,40.144795],[-88.270611,40.144795],[-88.270616,40.144796],[-88.270634,40.144797],[-88.270648,40.144798],[-88.270657,40.144799],[-88.27068,40.144801],[-88.270698,40.144803],[-88.270701,40.144804],[-88.270701,40.144761],[-88.270701,40.144637],[-88.270702,40.144357],[-88.270715,40.144358],[-88.270718,40.144358],[-88.270729,40.144359],[-88.270733,40.144359],[-88.270737,40.14436],[-88.270742,40.14436],[-88.270744,40.14436],[-88.270744,40.14436],[-88.27076,40.144362],[-88.270769,40.144363],[-88.270773,40.144363],[-88.270776,40.144363],[-88.270787,40.144364],[-88.270805,40.144366],[-88.270808,40.144366],[-88.270814,40.144367],[-88.270819,40.144367],[-88.27084,40.14437],[-88.270843,40.14437],[-88.270865,40.144373],[-88.270877,40.144374],[-88.270878,40.144374],[-88.270889,40.144376],[-88.270913,40.144379],[-88.270935,40.144382],[-88.270947,40.144383],[-88.270958,40.144385],[-88.27098,40.144388],[-88.27098,40.144388],[-88.270984,40.144389],[-88.270992,40.14439],[-88.271015,40.144394],[-88.271027,40.144396],[-88.271038,40.144398],[-88.271061,40.144402],[-88.271084,40.144406],[-88.271096,40.144409],[-88.271107,40.144411],[-88.27113,40.144415],[-88.271153,40.14442],[-88.271164,40.144422],[-88.271175,40.144425],[-88.271198,40.14443],[-88.271221,40.144435],[-88.271232,40.144438],[-88.271243,40.14444],[-88.271266,40.144446],[-88.271291,40.144452],[-88.271304,40.144456],[-88.271317,40.144459],[-88.271342,40.144466],[-88.271368,40.144473],[-88.271379,40.144476],[-88.271394,40.14448],[-88.271414,40.144486],[-88.27142,40.144488],[-88.271429,40.144491],[-88.271436,40.144493],[-88.271445,40.144496],[-88.27145,40.144497],[-88.27147,40.144504],[-88.271486,40.144509],[-88.271496,40.144512],[-88.271521,40.144521],[-88.271527,40.144523],[-88.271535,40.144525],[-88.271558,40.144534],[-88.271565,40.144536],[-88.27157,40.144538],[-88.271582,40.144542],[-88.271595,40.144547],[-88.271606,40.144551],[-88.271626,40.144558],[-88.271629,40.14456],[-88.271639,40.144563],[-88.271641,40.144564],[-88.271643,40.144565],[-88.271652,40.144569],[-88.271656,40.14457],[-88.271675,40.144578],[-88.271685,40.144582],[-88.271699,40.144587],[-88.27171,40.144592],[-88.271715,40.144594],[-88.271721,40.144597],[-88.271744,40.144606],[-88.271745,40.144607],[-88.271747,40.144608],[-88.271755,40.144611],[-88.27176,40.144613],[-88.271764,40.144615],[-88.271772,40.144619],[-88.271793,40.144628],[-88.271801,40.144631],[-88.271806,40.144634],[-88.271815,40.144638],[-88.271829,40.144644],[-88.271836,40.144648],[-88.271839,40.144649],[-88.271857,40.144658],[-88.271872,40.144665],[-88.271876,40.144667],[-88.271883,40.144671],[-88.271896,40.144677],[-88.271903,40.144681],[-88.271904,40.144681],[-88.271909,40.144684],[-88.271916,40.144687],[-88.271935,40.144697],[-88.271936,40.144698],[-88.271959,40.14471],[-88.271982,40.144722],[-88.272127,40.144797],[-88.272159,40.144814],[-88.272173,40.144821],[-88.272317,40.144896],[-88.272335,40.144906],[-88.272339,40.144908],[-88.272341,40.144909],[-88.272342,40.14491],[-88.272345,40.144911],[-88.272354,40.144916],[-88.272354,40.144916],[-88.272356,40.144917],[-88.272366,40.144922],[-88.272366,40.144922],[-88.27237,40.144924],[-88.272372,40.144925],[-88.272374,40.144926],[-88.272376,40.144927],[-88.272379,40.144928],[-88.27238,40.144929],[-88.272385,40.144931],[-88.272391,40.144934],[-88.272407,40.144942],[-88.272414,40.144946],[-88.272418,40.144948],[-88.272424,40.14495],[-88.272439,40.144957],[-88.272441,40.144958],[-88.272447,40.144961],[-88.272458,40.144966],[-88.272463,40.144968],[-88.272474,40.144973],[-88.272475,40.144974],[-88.272477,40.144974],[-88.272488,40.144979],[-88.272492,40.144981],[-88.272504,40.144986],[-88.27251,40.144988],[-88.272512,40.144989],[-88.272527,40.144995],[-88.272533,40.144998],[-88.272537,40.144999],[-88.272545,40.145002],[-88.272563,40.145009],[-88.272564,40.14501],[-88.272569,40.145011],[-88.27257,40.145012],[-88.272573,40.145013],[-88.272592,40.14502],[-88.2726,40.145023],[-88.272611,40.145026],[-88.272627,40.145032],[-88.27263,40.145033],[-88.272649,40.145039],[-88.272655,40.145041],[-88.272667,40.145045],[-88.272669,40.145045],[-88.27267,40.145046],[-88.272682,40.14505],[-88.272688,40.145051],[-88.272707,40.145057],[-88.27271,40.145058],[-88.272727,40.145062],[-88.272738,40.145066],[-88.272747,40.145068],[-88.272766,40.145073],[-88.272784,40.145077],[-88.27279,40.145079],[-88.272802,40.145082],[-88.272814,40.145084],[-88.27282,40.145086],[-88.272838,40.14509],[-88.272839,40.145089],[-88.272843,40.145076],[-88.272909,40.144896],[-88.272935,40.144825],[-88.272944,40.144799],[-88.27295,40.144783],[-88.27296,40.144757],[-88.272992,40.144667],[-88.272981,40.144664],[-88.272976,40.144663],[-88.272968,40.144661],[-88.27296,40.144659],[-88.272959,40.144659],[-88.272945,40.144655],[-88.272937,40.144654],[-88.272929,40.144651],[-88.272922,40.14465],[-88.272921,40.144649],[-88.27292,40.144649],[-88.272915,40.144648],[-88.272913,40.144647],[-88.272897,40.144643],[-88.272894,40.144641],[-88.272882,40.144638],[-88.272874,40.144635],[-88.272872,40.144635],[-88.272867,40.144633],[-88.272851,40.144628],[-88.272843,40.144625],[-88.272834,40.144622],[-88.272833,40.144622],[-88.272831,40.144621],[-88.272821,40.144617],[-88.272812,40.144614],[-88.272809,40.144613],[-88.272808,40.144612],[-88.272806,40.144612],[-88.272805,40.144611],[-88.272797,40.144608],[-88.272792,40.144606],[-88.272792,40.144606],[-88.272786,40.144604],[-88.272776,40.144599],[-88.272773,40.144598],[-88.272762,40.144594],[-88.272756,40.144591],[-88.272754,40.14459],[-88.272749,40.144588],[-88.272736,40.144582],[-88.272735,40.144582],[-88.272732,40.14458],[-88.27273,40.144579],[-88.272728,40.144578],[-88.272723,40.144576],[-88.272718,40.144574],[-88.272717,40.144573],[-88.272713,40.144571],[-88.272708,40.144569],[-88.272699,40.144564],[-88.272699,40.144564],[-88.272697,40.144563],[-88.272697,40.144563],[-88.272697,40.144563],[-88.272685,40.144557],[-88.272672,40.14455],[-88.272636,40.144531],[-88.272813,40.144277],[-88.272821,40.144265],[-88.272802,40.144255],[-88.272802,40.144254],[-88.272789,40.144248],[-88.272783,40.144245],[-88.272774,40.14424],[-88.272764,40.144235],[-88.272764,40.144234],[-88.272758,40.144231],[-88.272745,40.144225],[-88.272726,40.144215],[-88.272726,40.144215],[-88.272726,40.144215],[-88.272725,40.144214],[-88.272707,40.144205],[-88.272694,40.144198],[-88.272687,40.144195],[-88.272687,40.144195],[-88.272678,40.14419],[-88.272668,40.144185],[-88.272662,40.144182],[-88.272649,40.144176],[-88.272648,40.144175],[-88.27263,40.144166],[-88.272629,40.144166],[-88.272629,40.144166],[-88.272629,40.144166],[-88.27262,40.144178],[-88.272447,40.144427],[-88.272446,40.144428],[-88.27229,40.144344],[-88.27227,40.144333],[-88.272257,40.144326],[-88.272238,40.144315],[-88.272228,40.14431],[-88.272225,40.144309],[-88.272218,40.144305],[-88.272199,40.144296],[-88.272193,40.144292],[-88.272187,40.144289],[-88.272175,40.144283],[-88.272163,40.144277],[-88.27216,40.144276],[-88.272151,40.144271],[-88.272149,40.14427],[-88.272146,40.144269],[-88.272135,40.144264],[-88.272128,40.14426],[-88.272124,40.144258],[-88.272102,40.144248],[-88.272095,40.144244],[-88.272082,40.144239],[-88.272079,40.144237],[-88.272064,40.14423],[-88.272062,40.144229],[-88.272061,40.144229],[-88.272042,40.14422],[-88.272028,40.144214],[-88.272022,40.144212],[-88.271999,40.144201],[-88.271994,40.144199],[-88.271982,40.144194],[-88.271976,40.144191],[-88.271961,40.144185],[-88.271961,40.144185],[-88.27196,40.144185],[-88.271959,40.144184],[-88.271952,40.144182],[-88.271941,40.144177],[-88.271929,40.144172],[-88.271926,40.144171],[-88.271905,40.144162],[-88.271899,40.14416],[-88.271892,40.144157],[-88.271881,40.144153],[-88.271858,40.144144],[-88.271833,40.144134],[-88.271823,40.144131],[-88.271821,40.14413],[-88.271809,40.144125],[-88.271788,40.144118],[-88.271784,40.144116],[-88.271757,40.144107],[-88.271753,40.144105],[-88.271752,40.144105],[-88.27175,40.144104],[-88.271729,40.144097],[-88.271718,40.144093],[-88.271715,40.144093],[-88.271702,40.144088],[-88.271682,40.144081],[-88.271681,40.144081],[-88.271674,40.144079],[-88.271646,40.14407],[-88.271786,40.143809],[-88.271793,40.143796],[-88.271774,40.14379],[-88.271766,40.143787],[-88.271755,40.143784],[-88.271739,40.143779],[-88.271736,40.143778],[-88.271717,40.143772],[-88.271712,40.14377],[-88.271699,40.143766],[-88.271698,40.143766],[-88.271698,40.143766],[-88.271697,40.143766],[-88.271685,40.143762],[-88.271679,40.14376],[-88.27166,40.143754],[-88.271657,40.143754],[-88.271641,40.143749],[-88.27163,40.143745],[-88.271621,40.143743],[-88.271602,40.143738],[-88.271576,40.14373],[-88.271551,40.143723],[-88.271537,40.14372],[-88.271532,40.143718],[-88.271531,40.143718],[-88.271522,40.143716],[-88.271513,40.143713],[-88.271508,40.143712],[-88.271494,40.143709],[-88.271493,40.143708],[-88.271484,40.143706],[-88.271475,40.143704],[-88.271472,40.143703],[-88.27146,40.1437],[-88.271456,40.143699],[-88.271455,40.143699],[-88.271443,40.143696],[-88.27144,40.143695],[-88.271437,40.143694],[-88.271435,40.143694],[-88.271432,40.143693],[-88.27143,40.143693],[-88.271429,40.143693],[-88.271426,40.143692],[-88.271425,40.143692],[-88.271418,40.14369],[-88.271417,40.14369],[-88.271399,40.143686],[-88.271382,40.143682],[-88.271374,40.14368],[-88.271366,40.143678],[-88.27135,40.143675],[-88.271334,40.143671],[-88.271326,40.143669],[-88.271318,40.143668],[-88.271302,40.143664],[-88.271283,40.143661],[-88.271283,40.143661],[-88.271274,40.143659],[-88.271265,40.143657],[-88.271246,40.143653],[-88.271246,40.143653],[-88.271228,40.14365],[-88.271219,40.143648],[-88.271209,40.143646],[-88.271209,40.143646],[-88.271191,40.143643],[-88.27118,40.143641],[-88.271173,40.14364],[-88.271173,40.14364],[-88.271165,40.143639],[-88.271155,40.143637],[-88.271151,40.143636],[-88.271137,40.143634],[-88.271137,40.143634],[-88.271127,40.143632],[-88.271119,40.143631],[-88.271116,40.14363],[-88.271104,40.143628],[-88.271101,40.143628],[-88.271101,40.143628],[-88.271083,40.143625],[-88.27108,40.143625],[-88.271065,40.143623],[-88.271064,40.143622],[-88.271064,40.143622],[-88.271047,40.14362],[-88.27103,40.143617],[-88.271025,40.143617],[-88.271014,40.143615],[-88.271002,40.143614],[-88.270997,40.143613],[-88.27098,40.143611],[-88.270958,40.143608],[-88.270953,40.143607],[-88.270939,40.143606],[-88.270936,40.143605],[-88.270925,40.143604],[-88.270915,40.143603],[-88.270897,40.143601],[-88.270893,40.1436],[-88.270871,40.143598],[-88.27087,40.143598],[-88.270864,40.143597],[-88.270856,40.143596],[-88.27085,40.143596],[-88.270849,40.143596],[-88.270842,40.143595],[-88.270827,40.143594],[-88.270816,40.143592],[-88.270815,40.143592],[-88.270809,40.143592],[-88.270805,40.143591],[-88.270804,40.143591],[-88.270788,40.14359],[-88.270783,40.14359],[-88.270761,40.143588],[-88.270762,40.143574],[-88.270768,40.1435],[-88.270747,40.1435],[-88.270691,40.1435],[-88.27065,40.143499],[-88.270409,40.143499],[-88.270194,40.143519],[-88.269813,40.143518],[-88.269795,40.143518],[-88.269791,40.143348],[-88.269791,40.143331],[-88.26979,40.143326],[-88.269789,40.143259],[-88.269576,40.143041],[-88.269562,40.14305],[-88.269499,40.143087],[-88.269361,40.14294],[-88.269134,40.142697],[-88.269134,40.142697],[-88.269247,40.142631],[-88.26924,40.142622],[-88.269236,40.142617],[-88.269233,40.142613],[-88.269231,40.14261],[-88.269226,40.142604],[-88.269219,40.142594],[-88.269215,40.14259],[-88.269212,40.142585],[-88.269206,40.142576],[-88.269206,40.142576],[-88.269201,40.142568],[-88.269199,40.142566],[-88.269196,40.142561],[-88.269193,40.142557],[-88.269193,40.142557],[-88.269193,40.142557],[-88.269187,40.142547],[-88.269186,40.142547],[-88.269185,40.142544],[-88.269181,40.142538],[-88.269177,40.142533],[-88.269175,40.142528],[-88.269174,40.142527],[-88.269173,40.142526],[-88.269173,40.142526],[-88.269172,40.142524],[-88.269169,40.142519],[-88.269168,40.142518],[-88.269163,40.142509],[-88.269163,40.142509],[-88.26916,40.142504],[-88.269158,40.1425],[-88.269157,40.142499],[-88.269157,40.142499],[-88.269156,40.142496],[-88.269155,40.142496],[-88.269155,40.142495],[-88.269154,40.142494],[-88.269154,40.142493],[-88.269154,40.142493],[-88.269152,40.14249],[-88.269147,40.14248],[-88.269147,40.14248],[-88.269146,40.14248],[-88.269146,40.14248],[-88.269147,40.142479],[-88.269163,40.142474],[-88.269487,40.142358],[-88.26954,40.142339],[-88.269547,40.142336],[-88.269568,40.142328],[-88.269562,40.142316],[-88.26956,40.142312],[-88.26956,40.142312],[-88.269559,40.14231],[-88.269556,40.142303],[-88.269552,40.142295],[-88.26955,40.14229],[-88.269545,40.142278],[-88.269544,40.142275],[-88.269543,40.142272],[-88.269542,40.142271],[-88.26954,40.142265],[-88.269538,40.14226],[-88.269535,40.142252],[-88.269532,40.142243],[-88.26953,40.142239],[-88.269528,40.142232],[-88.269527,40.142229],[-88.269527,40.142227],[-88.269526,40.142226],[-88.269522,40.142213],[-88.269521,40.142208],[-88.269518,40.142199],[-88.269516,40.142193],[-88.269516,40.142191],[-88.269515,40.142186],[-88.269511,40.142173],[-88.269489,40.142177],[-88.269453,40.142183],[-88.269166,40.142233],[-88.26908,40.142248],[-88.269075,40.142249],[-88.269057,40.142252],[-88.269055,40.142241],[-88.269055,40.14224],[-88.269054,40.142238],[-88.269054,40.142237],[-88.269054,40.142235],[-88.269052,40.14223],[-88.269052,40.142226],[-88.269051,40.142223],[-88.26905,40.14222],[-88.26905,40.14222],[-88.269049,40.142215],[-88.269048,40.142209],[-88.269048,40.142207],[-88.269047,40.142202],[-88.269046,40.142198],[-88.269046,40.142196],[-88.269045,40.142192],[-88.269045,40.14219],[-88.269044,40.142187],[-88.269044,40.142184],[-88.269043,40.142178],[-88.269043,40.142178],[-88.269042,40.142177],[-88.269041,40.14217],[-88.269041,40.142169],[-88.269041,40.142166],[-88.26904,40.142161],[-88.269039,40.142155],[-88.269038,40.142145],[-88.269038,40.142144],[-88.269038,40.142139],[-88.269037,40.142133],[-88.269036,40.142128],[-88.269036,40.142125],[-88.269036,40.142123],[-88.269036,40.142122],[-88.269035,40.142118],[-88.269035,40.142118],[-88.269035,40.142114],[-88.269035,40.142112],[-88.269034,40.142101],[-88.269034,40.1421],[-88.269034,40.142095],[-88.269033,40.14209],[-88.269033,40.142086],[-88.269033,40.142079],[-88.269033,40.142076],[-88.269033,40.142072],[-88.269033,40.142068],[-88.269032,40.142057],[-88.269032,40.142055],[-88.269032,40.142041],[-88.269032,40.142026],[-88.269032,40.142015],[-88.269028,40.141796],[-88.269027,40.141737],[-88.269024,40.141591],[-88.269024,40.14159],[-88.269021,40.141385],[-88.269018,40.141193],[-88.269014,40.141001],[-88.269011,40.140809],[-88.269008,40.140631],[-88.269008,40.140617],[-88.269005,40.140425],[-88.269001,40.140219],[-88.268998,40.140055],[-88.268995,40.13985],[-88.268992,40.139658],[-88.268988,40.139467],[-88.268985,40.139275],[-88.268984,40.139183],[-88.268982,40.139084],[-88.268979,40.138907],[-88.268979,40.138893],[-88.268979,40.138892],[-88.268978,40.138851],[-88.268975,40.138686],[-88.268969,40.138349],[-88.268968,40.138275],[-88.268968,40.138259],[-88.26896,40.13777],[-88.268959,40.137726],[-88.268959,40.137701],[-88.268959,40.137701],[-88.26897,40.137704],[-88.268976,40.137707],[-88.269277,40.137805],[-88.269286,40.137808],[-88.269303,40.137813],[-88.269317,40.137818],[-88.269329,40.137822],[-88.269343,40.137827],[-88.269344,40.137827],[-88.269356,40.137831],[-88.269357,40.137831],[-88.26937,40.137836],[-88.26954,40.137892],[-88.269543,40.137893],[-88.269545,40.137894],[-88.269548,40.137895],[-88.269551,40.137896],[-88.269556,40.137898],[-88.269556,40.137898],[-88.269557,40.137898],[-88.269557,40.137898],[-88.269557,40.137898],[-88.269562,40.1379],[-88.269562,40.1379],[-88.269599,40.137912],[-88.269645,40.137928],[-88.269692,40.137944],[-88.269723,40.137955],[-88.269735,40.137959],[-88.269743,40.137961],[-88.269745,40.137962],[-88.269745,40.137962],[-88.269747,40.137962],[-88.269748,40.137963],[-88.269749,40.137963],[-88.269752,40.137964],[-88.26976,40.137967],[-88.269796,40.13798],[-88.269775,40.138014],[-88.269774,40.138015],[-88.269771,40.138021],[-88.269724,40.138096],[-88.269545,40.138384],[-88.269544,40.138385],[-88.269539,40.138393],[-88.269538,40.138395],[-88.269538,40.138396],[-88.269537,40.138396],[-88.269536,40.138398],[-88.269534,40.138401],[-88.269534,40.138402],[-88.26953,40.138409],[-88.269529,40.13841],[-88.269528,40.138413],[-88.269526,40.138416],[-88.269524,40.138419],[-88.269524,40.138419],[-88.26952,40.138427],[-88.269519,40.138429],[-88.269515,40.138436],[-88.269513,40.13844],[-88.269512,40.138442],[-88.269508,40.13845],[-88.269506,40.138454],[-88.269505,40.138457],[-88.269503,40.138461],[-88.269498,40.138472],[-88.269497,40.138474],[-88.269495,40.138479],[-88.269493,40.138484],[-88.269492,40.138486],[-88.269489,40.138493],[-88.269486,40.1385],[-88.269484,40.138507],[-88.269482,40.13851],[-88.269481,40.138514],[-88.26948,40.138516],[-88.269478,40.138523],[-88.269477,40.138524],[-88.269476,40.138529],[-88.269473,40.138536],[-88.269672,40.138609],[-88.270139,40.138783],[-88.270155,40.138789],[-88.270171,40.138795],[-88.270381,40.138873],[-88.270381,40.138872],[-88.270417,40.138813],[-88.270714,40.138321],[-88.270721,40.138308],[-88.270722,40.138308],[-88.270722,40.138308],[-88.270747,40.138317],[-88.270802,40.138337],[-88.270802,40.138337],[-88.27083,40.138348],[-88.27083,40.138348],[-88.270842,40.138352],[-88.27085,40.138355],[-88.270858,40.138358],[-88.270882,40.138367],[-88.27091,40.138377],[-88.270963,40.138397],[-88.270956,40.138408],[-88.270658,40.138903],[-88.270622,40.138962],[-88.270626,40.138964],[-88.270675,40.138982],[-88.270918,40.139072],[-88.270966,40.13909],[-88.271104,40.139141],[-88.271105,40.139141],[-88.271105,40.13914],[-88.27114,40.139082],[-88.271293,40.138828],[-88.271443,40.138579],[-88.271444,40.138579],[-88.271444,40.138579],[-88.271457,40.138584],[-88.271482,40.138594],[-88.271506,40.138603],[-88.271548,40.138619],[-88.271563,40.138625],[-88.271595,40.138638],[-88.271596,40.138638],[-88.27161,40.138643],[-88.271614,40.138645],[-88.271682,40.138672],[-88.271684,40.138672],[-88.271762,40.138703],[-88.271802,40.138719],[-88.271841,40.138734],[-88.271912,40.138762],[-88.271921,40.138766],[-88.271927,40.138768],[-88.272,40.138797],[-88.27204,40.138813],[-88.272079,40.138829],[-88.272158,40.138861],[-88.272169,40.138865],[-88.272237,40.138893],[-88.272277,40.138909],[-88.272316,40.138925],[-88.27238,40.138951],[-88.272395,40.138958],[-88.272474,40.13899],[-88.272514,40.139006],[-88.272553,40.139023],[-88.27262,40.139051],[-88.272632,40.139056],[-88.272706,40.139086],[-88.272742,40.139102],[-88.272779,40.139117],[-88.272853,40.139148],[-88.272862,40.139152],[-88.272868,40.139154],[-88.273003,40.139207],[-88.273011,40.13921],[-88.273014,40.139211],[-88.27302,40.139214],[-88.273021,40.139214],[-88.273021,40.139214],[-88.273022,40.139215],[-88.273023,40.139215],[-88.273027,40.139217],[-88.273027,40.139217],[-88.27303,40.139219],[-88.273033,40.139221],[-88.273034,40.139222],[-88.273036,40.139223],[-88.273037,40.139224],[-88.273039,40.139225],[-88.27304,40.139226],[-88.273041,40.139227],[-88.273043,40.139229],[-88.273044,40.139229],[-88.273044,40.139229],[-88.273045,40.13923],[-88.273047,40.139232],[-88.273049,40.139234],[-88.273049,40.139235],[-88.27305,40.139236],[-88.273052,40.139237],[-88.273053,40.139239],[-88.273053,40.139239],[-88.273054,40.13924],[-88.273055,40.139241],[-88.273056,40.139243],[-88.273057,40.139244],[-88.273058,40.139245],[-88.273058,40.139246],[-88.27306,40.139249],[-88.273062,40.139253],[-88.273063,40.139254],[-88.273064,40.139256],[-88.273065,40.13926],[-88.273066,40.139263],[-88.273067,40.139266],[-88.273067,40.139267],[-88.273067,40.139269],[-88.273068,40.13927],[-88.273068,40.139271],[-88.273068,40.139272],[-88.273068,40.139274],[-88.273069,40.139277],[-88.273069,40.139279],[-88.273069,40.139281],[-88.273069,40.139283],[-88.273068,40.139285],[-88.273068,40.139287],[-88.273068,40.139289],[-88.273068,40.13929],[-88.273068,40.13929],[-88.273068,40.139292],[-88.273067,40.139294],[-88.273067,40.139295],[-88.273066,40.139298],[-88.273065,40.139301],[-88.273064,40.139303],[-88.273063,40.139306],[-88.273062,40.139308],[-88.273061,40.13931],[-88.27306,40.139312],[-88.273056,40.139319],[-88.273029,40.13936],[-88.273022,40.139371],[-88.272998,40.139408],[-88.272923,40.139526],[-88.272912,40.139542],[-88.272813,40.139697],[-88.272778,40.139751],[-88.272799,40.139758],[-88.272899,40.139794],[-88.272971,40.139824],[-88.272971,40.139824],[-88.272971,40.139824],[-88.27299,40.139832],[-88.273001,40.139837],[-88.273184,40.139915],[-88.273348,40.139985],[-88.273362,40.139991],[-88.273671,40.140123],[-88.273788,40.140172],[-88.273806,40.14018],[-88.273824,40.14018],[-88.273974,40.140181],[-88.274247,40.140182],[-88.274308,40.140182],[-88.274406,40.140183],[-88.274408,40.140183],[-88.274424,40.140183],[-88.274436,40.140183],[-88.274461,40.140183],[-88.274461,40.140183],[-88.274461,40.140182],[-88.274461,40.140176],[-88.274461,40.140155],[-88.274461,40.14015],[-88.274461,40.140149],[-88.274461,40.140145],[-88.274461,40.140139],[-88.274461,40.140139],[-88.274461,40.140138],[-88.274461,40.140135],[-88.274461,40.140134],[-88.274462,40.140129],[-88.274462,40.140126],[-88.274462,40.140124],[-88.274462,40.14012],[-88.274462,40.140117],[-88.274462,40.140117],[-88.274463,40.140109],[-88.274463,40.140107],[-88.274463,40.140105],[-88.274464,40.140104],[-88.274464,40.140101],[-88.274464,40.140099],[-88.274465,40.140095],[-88.274465,40.140093],[-88.274466,40.140089],[-88.274466,40.140088],[-88.274466,40.140087],[-88.274466,40.140087],[-88.274466,40.140085],[-88.274467,40.140081],[-88.274467,40.140081],[-88.274467,40.140079],[-88.274467,40.140077],[-88.274468,40.140075],[-88.274468,40.140074],[-88.274469,40.14007],[-88.274469,40.140068],[-88.274469,40.140068],[-88.274471,40.140059],[-88.274472,40.140055],[-88.274472,40.140054],[-88.274472,40.140052],[-88.274473,40.140049],[-88.274473,40.140048],[-88.274473,40.140048],[-88.274474,40.140044],[-88.274475,40.14004],[-88.274476,40.140038],[-88.274476,40.140036],[-88.274476,40.140036],[-88.274477,40.140033],[-88.274477,40.140032],[-88.274479,40.140028],[-88.27448,40.140024],[-88.27448,40.140022],[-88.274481,40.14002],[-88.274482,40.140017],[-88.274482,40.140016],[-88.274483,40.140012],[-88.274485,40.140008],[-88.274485,40.140007],[-88.274486,40.140004],[-88.274487,40.140001],[-88.274487,40.14],[-88.274489,40.139996],[-88.27449,40.139992],[-88.274491,40.139991],[-88.274491,40.139991],[-88.274492,40.139988],[-88.274493,40.139985],[-88.274493,40.139984],[-88.274495,40.13998],[-88.274496,40.139977],[-88.274497,40.139976],[-88.274497,40.139975],[-88.274498,40.139972],[-88.274499,40.13997],[-88.2745,40.139969],[-88.274502,40.139965],[-88.274505,40.139957],[-88.274505,40.139956],[-88.274506,40.139956],[-88.274507,40.139953],[-88.274508,40.139951],[-88.274509,40.139948],[-88.27451,40.139946],[-88.274513,40.139941],[-88.274517,40.139934],[-88.274519,40.139929],[-88.27452,40.139928],[-88.274521,40.139926],[-88.274526,40.139916],[-88.274528,40.139913],[-88.274529,40.139912],[-88.274529,40.139911],[-88.274529,40.139911],[-88.274531,40.139908],[-88.274533,40.139905],[-88.274535,40.139903],[-88.274535,40.139902],[-88.274536,40.139901],[-88.274537,40.139899],[-88.274539,40.139896],[-88.27454,40.139894],[-88.274542,40.139892],[-88.274542,40.139891],[-88.274544,40.139888],[-88.274545,40.139887],[-88.274548,40.139882],[-88.274549,40.139882],[-88.274549,40.139882],[-88.274553,40.139884],[-88.274558,40.139886],[-88.274945,40.140079],[-88.274949,40.140081],[-88.274951,40.140082],[-88.274951,40.140186],[-88.27495,40.140373],[-88.27495,40.140564],[-88.27495,40.140754],[-88.27495,40.140945],[-88.27495,40.141136],[-88.27495,40.141327],[-88.274949,40.141546],[-88.274949,40.141711],[-88.274949,40.141904],[-88.274949,40.142076],[-88.274949,40.14208],[-88.274953,40.142369],[-88.274955,40.142551],[-88.274957,40.142729],[-88.274957,40.142747],[-88.274959,40.142908],[-88.274959,40.142925],[-88.274961,40.143087],[-88.274961,40.143101],[-88.274963,40.143244],[-88.274963,40.143266],[-88.274964,40.143281],[-88.274966,40.143445],[-88.274966,40.143459],[-88.274968,40.143624],[-88.274968,40.143637],[-88.274968,40.143655],[-88.27497,40.143803],[-88.27497,40.143815],[-88.274971,40.143879],[-88.274971,40.143893],[-88.274971,40.143907],[-88.274972,40.143982],[-88.274972,40.143991],[-88.274974,40.144131],[-88.274974,40.144161],[-88.274974,40.144171],[-88.274975,40.14423],[-88.274977,40.14434],[-88.274977,40.144355],[-88.274977,40.144369],[-88.274977,40.144383],[-88.274979,40.144518],[-88.274979,40.144527],[-88.274981,40.144697],[-88.274981,40.144706],[-88.274981,40.144716],[-88.274982,40.144799],[-88.274983,40.144876],[-88.274985,40.145005],[-88.274985,40.145021],[-88.274986,40.14511],[-88.274986,40.145115],[-88.274988,40.145279],[-88.274988,40.145297],[-88.274991,40.145297],[-88.27579,40.145298],[-88.276429,40.145299],[-88.276647,40.145299],[-88.276729,40.145299],[-88.276807,40.145299],[-88.27683,40.145299],[-88.276953,40.145299],[-88.277354,40.1453],[-88.277354,40.145299],[-88.277355,40.145298],[-88.277357,40.145284],[-88.277405,40.145024],[-88.277407,40.14501],[-88.277417,40.144957],[-88.277524,40.144373],[-88.277531,40.144334],[-88.277533,40.144321],[-88.277535,40.144311],[-88.277537,40.144295],[-88.277542,40.144269],[-88.277544,40.144256],[-88.277545,40.144248],[-88.27755,40.144217],[-88.27755,40.144217],[-88.27755,40.144216],[-88.27755,40.144215],[-88.277555,40.144185],[-88.277556,40.144177],[-88.277558,40.144164],[-88.277562,40.144138],[-88.277564,40.144122],[-88.277565,40.144112],[-88.277567,40.144099],[-88.277573,40.144059],[-88.277614,40.143547],[-88.277618,40.143504],[-88.277639,40.143243],[-88.277663,40.142947],[-88.2777,40.142486],[-88.277702,40.142461],[-88.277712,40.142342],[-88.277718,40.142272],[-88.277727,40.142158],[-88.277732,40.1421],[-88.277732,40.142099],[-88.278233,40.1421],[-88.278234,40.142101],[-88.278349,40.14216],[-88.278692,40.142335],[-88.278819,40.142401],[-88.278875,40.142444],[-88.278894,40.142459],[-88.279209,40.142703],[-88.280099,40.143639],[-88.280361,40.143914],[-88.280977,40.144747],[-88.280907,40.146337],[-88.28119,40.147125],[-88.281024,40.147999],[-88.280936,40.148091],[-88.280851,40.14818],[-88.280757,40.148265],[-88.280756,40.148265],[-88.280152,40.148805]],[[-88.272065,40.122751],[-88.271544,40.123243],[-88.271363,40.123414],[-88.271363,40.12367],[-88.271405,40.123675],[-88.271604,40.123698],[-88.271595,40.12374],[-88.271586,40.123789],[-88.271547,40.123987],[-88.271524,40.124103],[-88.27151,40.12417],[-88.271506,40.12419],[-88.271505,40.1242],[-88.271366,40.12433],[-88.271336,40.124358],[-88.27132,40.124372],[-88.271325,40.124375],[-88.271326,40.124376],[-88.271333,40.12438],[-88.271348,40.124389],[-88.271348,40.124389],[-88.271349,40.12439],[-88.271352,40.124391],[-88.271358,40.124395],[-88.271364,40.124399],[-88.271368,40.124401],[-88.271372,40.124403],[-88.271376,40.124406],[-88.271381,40.124409],[-88.271386,40.124411],[-88.271391,40.124414],[-88.271392,40.124415],[-88.271395,40.124417],[-88.271398,40.124419],[-88.271401,40.12442],[-88.271405,40.124422],[-88.271406,40.124423],[-88.271418,40.124429],[-88.271431,40.124437],[-88.271445,40.124444],[-88.271459,40.124451],[-88.271473,40.124458],[-88.271473,40.124458],[-88.271487,40.124465],[-88.271501,40.124472],[-88.271515,40.124479],[-88.271529,40.124486],[-88.271544,40.124493],[-88.271558,40.124499],[-88.271581,40.124509],[-88.271587,40.124512],[-88.271587,40.124512],[-88.271588,40.124512],[-88.271594,40.124515],[-88.271594,40.124515],[-88.271598,40.124516],[-88.2716,40.124517],[-88.271605,40.124519],[-88.271616,40.124524],[-88.271631,40.12453],[-88.271646,40.124536],[-88.271661,40.124542],[-88.271676,40.124548],[-88.271691,40.124553],[-88.271702,40.124557],[-88.271706,40.124559],[-88.271709,40.12456],[-88.271721,40.124564],[-88.271733,40.124568],[-88.271737,40.124569],[-88.271739,40.12457],[-88.271751,40.124574],[-88.271766,40.124579],[-88.271767,40.124579],[-88.271783,40.124584],[-88.271792,40.124587],[-88.271794,40.124588],[-88.271798,40.124589],[-88.271803,40.124591],[-88.271806,40.124592],[-88.271814,40.124594],[-88.271825,40.124597],[-88.271829,40.124599],[-88.271829,40.124599],[-88.271829,40.124599],[-88.271833,40.1246],[-88.271836,40.124601],[-88.271843,40.124603],[-88.271852,40.124605],[-88.271857,40.124607],[-88.271861,40.124608],[-88.271861,40.124608],[-88.271868,40.12461],[-88.271874,40.124611],[-88.271884,40.124614],[-88.271886,40.124614],[-88.271892,40.124616],[-88.271893,40.124616],[-88.271898,40.124618],[-88.271901,40.124618],[-88.271908,40.12462],[-88.271915,40.124622],[-88.271918,40.124623],[-88.271924,40.124624],[-88.27193,40.124625],[-88.271932,40.124626],[-88.27194,40.124628],[-88.271949,40.12463],[-88.271951,40.124631],[-88.271956,40.124632],[-88.271956,40.124632],[-88.271958,40.124632],[-88.271962,40.124633],[-88.271965,40.124634],[-88.271973,40.124636],[-88.27198,40.124637],[-88.271981,40.124637],[-88.271988,40.124639],[-88.271994,40.12464],[-88.271996,40.124641],[-88.272004,40.124642],[-88.272011,40.124644],[-88.272012,40.124644],[-88.27202,40.124646],[-88.272026,40.124647],[-88.272029,40.124647],[-88.272037,40.124649],[-88.272047,40.124651],[-88.272053,40.124652],[-88.272057,40.124653],[-88.272069,40.124655],[-88.272076,40.124656],[-88.272077,40.124656],[-88.272085,40.124658],[-88.272093,40.124659],[-88.272094,40.124659],[-88.272102,40.12466],[-88.272109,40.124661],[-88.272112,40.124662],[-88.272118,40.124663],[-88.272125,40.124664],[-88.272135,40.124665],[-88.272137,40.124666],[-88.272144,40.124667],[-88.272151,40.124668],[-88.272158,40.124669],[-88.272171,40.124671],[-88.272178,40.124671],[-88.272179,40.124672],[-88.272184,40.124672],[-88.272188,40.124673],[-88.272201,40.124674],[-88.272211,40.124675],[-88.272213,40.124676],[-88.272217,40.124676],[-88.272222,40.124677],[-88.272225,40.124677],[-88.272234,40.124678],[-88.272245,40.124679],[-88.27225,40.12468],[-88.272253,40.12468],[-88.272267,40.124681],[-88.272278,40.124682],[-88.272283,40.124683],[-88.272287,40.124683],[-88.2723,40.124684],[-88.272312,40.124685],[-88.272317,40.124685],[-88.272319,40.124685],[-88.272333,40.124686],[-88.27235,40.124687],[-88.272367,40.124688],[-88.272383,40.124689],[-88.2724,40.12469],[-88.272417,40.12469],[-88.272439,40.124691],[-88.272442,40.124691],[-88.27245,40.124691],[-88.272604,40.124693],[-88.272636,40.124693],[-88.272685,40.124694],[-88.272839,40.124696],[-88.273172,40.124701],[-88.275876,40.124739],[-88.276783,40.124752],[-88.276783,40.124752],[-88.276784,40.124768],[-88.276791,40.125267],[-88.276802,40.125953],[-88.276807,40.12631],[-88.276781,40.126552],[-88.276776,40.1266],[-88.276777,40.126716],[-88.27678,40.126888],[-88.276769,40.127096],[-88.276767,40.127138],[-88.276766,40.127163],[-88.276735,40.127221],[-88.276669,40.127286],[-88.276669,40.127287],[-88.276667,40.127287],[-88.276508,40.127322],[-88.276507,40.127323],[-88.276475,40.127322],[-88.276177,40.127318],[-88.275976,40.127315],[-88.275594,40.12731],[-88.27541,40.127308],[-88.27471,40.127298],[-88.273562,40.127283],[-88.273173,40.127277],[-88.272176,40.127264],[-88.271401,40.127253],[-88.267464,40.127199],[-88.26746,40.127199],[-88.26746,40.127182],[-88.267454,40.126647],[-88.267454,40.126643],[-88.267453,40.12657],[-88.267452,40.126478],[-88.267449,40.126206],[-88.267449,40.126192],[-88.267449,40.126191],[-88.267449,40.126187],[-88.267449,40.126186],[-88.267449,40.126183],[-88.267449,40.126178],[-88.267449,40.126173],[-88.267446,40.125911],[-88.267446,40.125906],[-88.267446,40.125901],[-88.267441,40.125423],[-88.267441,40.125418],[-88.267441,40.125413],[-88.267436,40.124978],[-88.267434,40.124784],[-88.267432,40.12459],[-88.267425,40.12393],[-88.267422,40.123699],[-88.267422,40.123671],[-88.267407,40.122288],[-88.267407,40.122288],[-88.267408,40.122288],[-88.267524,40.122274],[-88.269407,40.122054],[-88.276046,40.121279],[-88.276239,40.121257],[-88.276729,40.121199],[-88.276729,40.121202],[-88.276744,40.122156],[-88.276722,40.122194],[-88.276715,40.122205],[-88.276711,40.122213],[-88.276634,40.122266],[-88.276633,40.122266],[-88.276599,40.122273],[-88.276587,40.122275],[-88.276458,40.122299],[-88.276436,40.122304],[-88.276435,40.122304],[-88.276438,40.122502],[-88.276438,40.122503],[-88.276175,40.122497],[-88.276036,40.122321],[-88.27603,40.122087],[-88.275911,40.12187],[-88.275413,40.121646],[-88.275396,40.121638],[-88.274726,40.121691],[-88.273666,40.121815],[-88.273346,40.121891],[-88.273019,40.122007],[-88.272168,40.122281],[-88.272167,40.122281],[-88.272065,40.122751]]]},"id":1},{"type":"Feature","properties":{"district":"South","area":"East of Prospect, South of University"},"geometry":{"type":"MultiPolygon","coordinates":[[[[-88.276044,40.071913],[-88.276051,40.072356],[-88.276059,40.072888],[-88.276179,40.072891],[-88.276192,40.072891],[-88.276153,40.069826],[-88.27615,40.069534],[-88.276144,40.069466],[-88.276135,40.069399],[-88.276122,40.069332],[-88.276107,40.069264],[-88.276099,40.069195],[-88.276097,40.069126],[-88.276101,40.066493],[-88.276066,40.061916],[-88.275916,40.061915],[-88.275878,40.061915],[-88.275818,40.061915],[-88.275746,40.061915],[-88.275488,40.061914],[-88.275226,40.061913],[-88.274939,40.061911],[-88.274661,40.061909],[-88.274382,40.06191],[-88.274281,40.061909],[-88.274104,40.061907],[-88.27389,40.061908],[-88.273567,40.061906],[-88.273309,40.061905],[-88.273184,40.061905],[-88.27304,40.061904],[-88.273028,40.061904],[-88.272333,40.061902],[-88.271653,40.061899],[-88.271498,40.061898],[-88.271388,40.061898],[-88.271373,40.061898],[-88.271363,40.061898],[-88.271367,40.062409],[-88.271369,40.062647],[-88.271384,40.064616],[-88.271392,40.065605],[-88.271395,40.065961],[-88.271395,40.066012],[-88.271396,40.066054],[-88.271396,40.066218],[-88.271396,40.06626],[-88.271399,40.066568],[-88.271399,40.066582],[-88.271401,40.066815],[-88.271403,40.067048],[-88.271404,40.067281],[-88.271406,40.067514],[-88.271408,40.067748],[-88.27141,40.067981],[-88.271412,40.068214],[-88.271414,40.068447],[-88.271416,40.06868],[-88.271418,40.068913],[-88.271418,40.068913],[-88.271418,40.068913],[-88.271419,40.069037],[-88.271419,40.069069],[-88.27142,40.06916],[-88.27142,40.069161],[-88.271421,40.069255],[-88.271466,40.069255],[-88.271561,40.069255],[-88.271924,40.069258],[-88.272204,40.069259],[-88.272912,40.069264],[-88.274023,40.06927],[-88.275251,40.069278],[-88.275991,40.069282],[-88.276004,40.069282],[-88.276006,40.06941],[-88.276006,40.06941],[-88.275922,40.069409],[-88.275851,40.069409],[-88.27585,40.069408],[-88.275849,40.069492],[-88.275849,40.069557],[-88.275848,40.069609],[-88.275849,40.069617],[-88.27588,40.069831],[-88.27592,40.070114],[-88.275923,40.070336],[-88.275925,40.070463],[-88.275927,40.070552],[-88.275928,40.070663],[-88.275938,40.070786],[-88.275978,40.071278],[-88.275994,40.071485],[-88.275996,40.071622],[-88.276039,40.071622],[-88.276044,40.071913]]],[[[-88.276086,40.074683],[-88.276098,40.075516],[-88.276099,40.075533],[-88.2761,40.075604],[-88.276107,40.076074],[-88.276112,40.076411],[-88.276112,40.076421],[-88.276115,40.076586],[-88.276118,40.076781],[-88.27612,40.076967],[-88.276122,40.077093],[-88.276123,40.077138],[-88.27614,40.078248],[-88.27614,40.078254],[-88.276151,40.079021],[-88.276163,40.079797],[-88.276167,40.080076],[-88.276171,40.080313],[-88.27618,40.08104],[-88.276182,40.081151],[-88.276183,40.081228],[-88.2763,40.081227],[-88.276308,40.081227],[-88.276299,40.080424],[-88.276298,40.080367],[-88.276216,40.074612],[-88.276209,40.074612],[-88.276086,40.07461],[-88.276085,40.07461],[-88.276086,40.074683]]],[[[-88.260258,40.116305],[-88.262576,40.116324],[-88.262589,40.116324],[-88.267334,40.116363],[-88.276833,40.116439],[-88.276837,40.116439],[-88.276837,40.116437],[-88.276825,40.115658],[-88.276823,40.115537],[-88.27681,40.11465],[-88.276794,40.1136],[-88.276783,40.112839],[-88.276778,40.112516],[-88.276772,40.112347],[-88.27676,40.112179],[-88.276751,40.112037],[-88.276744,40.111895],[-88.276743,40.111843],[-88.27674,40.111668],[-88.276731,40.111025],[-88.27672,40.110333],[-88.27671,40.109664],[-88.276698,40.109444],[-88.276683,40.109224],[-88.276668,40.109001],[-88.276662,40.108827],[-88.276639,40.107428],[-88.276626,40.106644],[-88.276625,40.106552],[-88.276603,40.105111],[-88.276595,40.104549],[-88.276583,40.103725],[-88.276563,40.102353],[-88.276544,40.101057],[-88.276533,40.100356],[-88.276528,40.099957],[-88.276517,40.09915],[-88.276505,40.098268],[-88.27648,40.096227],[-88.276467,40.095038],[-88.276458,40.094267],[-88.276458,40.094262],[-88.27645,40.093532],[-88.276441,40.09276],[-88.276431,40.091859],[-88.276428,40.091651],[-88.276419,40.090872],[-88.276405,40.089632],[-88.276384,40.087833],[-88.276384,40.08783],[-88.276373,40.086913],[-88.27636,40.085755],[-88.276357,40.085544],[-88.276337,40.083712],[-88.276321,40.082306],[-88.276313,40.082306],[-88.276197,40.082304],[-88.276196,40.082304],[-88.276196,40.082304],[-88.276196,40.082304],[-88.276196,40.082318],[-88.276209,40.083302],[-88.276209,40.083339],[-88.27621,40.083457],[-88.276212,40.083589],[-88.276206,40.083622],[-88.27619,40.083713],[-88.276189,40.083719],[-88.27619,40.083827],[-88.27619,40.08386],[-88.276191,40.08389],[-88.276192,40.084021],[-88.276194,40.084171],[-88.276197,40.084446],[-88.276199,40.084558],[-88.276201,40.084735],[-88.275316,40.084734],[-88.275343,40.084901],[-88.27536,40.085007],[-88.275362,40.085023],[-88.275365,40.085023],[-88.276204,40.085024],[-88.276208,40.085312],[-88.27621,40.085473],[-88.27621,40.08551],[-88.276211,40.08561],[-88.276211,40.085615],[-88.276215,40.085931],[-88.276219,40.086261],[-88.276219,40.086262],[-88.276206,40.086262],[-88.27556,40.086261],[-88.275559,40.086261],[-88.27559,40.086454],[-88.275601,40.086523],[-88.275603,40.086535],[-88.275603,40.086536],[-88.275612,40.086591],[-88.27621,40.086592],[-88.276223,40.086592],[-88.276226,40.086839],[-88.276229,40.087134],[-88.27623,40.08718],[-88.276231,40.087326],[-88.276232,40.087352],[-88.276232,40.087353],[-88.276219,40.087353],[-88.275806,40.087351],[-88.275793,40.087351],[-88.275449,40.087349],[-88.275436,40.087349],[-88.275234,40.087347],[-88.275222,40.087347],[-88.275057,40.087347],[-88.274876,40.087345],[-88.274864,40.087345],[-88.274791,40.087345],[-88.274778,40.087345],[-88.274644,40.087344],[-88.274631,40.087344],[-88.274555,40.087344],[-88.274542,40.087344],[-88.274501,40.087343],[-88.274489,40.087343],[-88.274411,40.087343],[-88.274398,40.087343],[-88.274212,40.087342],[-88.274199,40.087342],[-88.27417,40.087342],[-88.274158,40.087341],[-88.273927,40.08734],[-88.273922,40.08734],[-88.273914,40.08734],[-88.273909,40.08734],[-88.273684,40.087339],[-88.273671,40.087339],[-88.273632,40.087339],[-88.27362,40.087338],[-88.27344,40.087337],[-88.273428,40.087337],[-88.273343,40.087337],[-88.27333,40.087337],[-88.273197,40.087336],[-88.273184,40.087336],[-88.273053,40.087335],[-88.27304,40.087335],[-88.272946,40.087335],[-88.272934,40.087335],[-88.272837,40.087334],[-88.272825,40.087334],[-88.272767,40.087334],[-88.272754,40.087334],[-88.272696,40.087333],[-88.272683,40.087333],[-88.272608,40.087333],[-88.272481,40.087332],[-88.272468,40.087332],[-88.272445,40.087332],[-88.272433,40.087332],[-88.272159,40.08733],[-88.272146,40.08733],[-88.271945,40.087329],[-88.271932,40.087329],[-88.271624,40.087327],[-88.271611,40.087327],[-88.271587,40.087327],[-88.271587,40.087327],[-88.271587,40.087327],[-88.271574,40.087327],[-88.271338,40.087326],[-88.271326,40.087326],[-88.271301,40.087326],[-88.271288,40.087326],[-88.271053,40.087325],[-88.27104,40.087325],[-88.270997,40.087324],[-88.270984,40.087324],[-88.270768,40.087323],[-88.270761,40.087323],[-88.270755,40.087323],[-88.270748,40.087323],[-88.270521,40.087322],[-88.270508,40.087322],[-88.270483,40.087322],[-88.27047,40.087322],[-88.270276,40.087321],[-88.270263,40.087321],[-88.270218,40.087321],[-88.270219,40.087293],[-88.270221,40.087018],[-88.270221,40.086991],[-88.270221,40.08699],[-88.270222,40.086826],[-88.269997,40.086825],[-88.269957,40.086824],[-88.269956,40.086989],[-88.269956,40.087016],[-88.269954,40.087292],[-88.269954,40.087319],[-88.269954,40.087319],[-88.269942,40.087319],[-88.269703,40.087318],[-88.269691,40.087318],[-88.269691,40.087318],[-88.269691,40.087318],[-88.26969,40.087318],[-88.269677,40.087318],[-88.269426,40.087317],[-88.269417,40.087317],[-88.269413,40.087317],[-88.269405,40.087317],[-88.269133,40.087315],[-88.269121,40.087315],[-88.269098,40.087315],[-88.269085,40.087315],[-88.268877,40.087314],[-88.268865,40.087314],[-88.26881,40.087314],[-88.268797,40.087314],[-88.268628,40.087313],[-88.268615,40.087313],[-88.268524,40.087312],[-88.268511,40.087312],[-88.268378,40.087312],[-88.268365,40.087312],[-88.268236,40.087311],[-88.268223,40.087311],[-88.268128,40.087311],[-88.268126,40.087172],[-88.268126,40.087104],[-88.268123,40.086897],[-88.268122,40.086754],[-88.26812,40.086566],[-88.268119,40.08642],[-88.268117,40.086211],[-88.268117,40.086179],[-88.268116,40.085991],[-88.268116,40.08596],[-88.268115,40.085839],[-88.268114,40.085782],[-88.268114,40.085741],[-88.268114,40.085644],[-88.268113,40.085574],[-88.268113,40.085562],[-88.268113,40.085521],[-88.268113,40.085521],[-88.268112,40.085354],[-88.268111,40.085302],[-88.26811,40.08517],[-88.26811,40.085082],[-88.268109,40.084938],[-88.268108,40.084764],[-88.268107,40.084706],[-88.268106,40.084473],[-88.268106,40.084466],[-88.268104,40.084253],[-88.268103,40.08412],[-88.267568,40.084125],[-88.267567,40.084075],[-88.267563,40.083914],[-88.26756,40.083774],[-88.267561,40.083774],[-88.267573,40.083774],[-88.26789,40.083776],[-88.268076,40.083777],[-88.268076,40.083777],[-88.268088,40.083777],[-88.268088,40.083777],[-88.268101,40.083777],[-88.268106,40.083777],[-88.268119,40.083777],[-88.268561,40.083779],[-88.268574,40.083779],[-88.268669,40.08378],[-88.268776,40.083781],[-88.268788,40.083781],[-88.26924,40.083783],[-88.269253,40.083783],[-88.269258,40.083783],[-88.26927,40.083783],[-88.26965,40.083786],[-88.269663,40.083786],[-88.269666,40.083786],[-88.269668,40.083786],[-88.269668,40.083786],[-88.26977,40.083786],[-88.269838,40.083787],[-88.270043,40.083788],[-88.27005,40.083788],[-88.27005,40.083788],[-88.270051,40.083788],[-88.270053,40.083788],[-88.270054,40.083788],[-88.270056,40.083788],[-88.270057,40.083788],[-88.270058,40.083788],[-88.270309,40.083789],[-88.270349,40.08379],[-88.270434,40.08379],[-88.270447,40.08379],[-88.270452,40.08379],[-88.270465,40.08379],[-88.270539,40.083791],[-88.270552,40.083791],[-88.271073,40.083794],[-88.271086,40.083794],[-88.271393,40.083795],[-88.271406,40.083796],[-88.271491,40.083796],[-88.271608,40.083797],[-88.27162,40.083797],[-88.27162,40.083796],[-88.27162,40.083778],[-88.271618,40.083687],[-88.271619,40.083687],[-88.271619,40.083687],[-88.271627,40.083687],[-88.271627,40.083686],[-88.271625,40.083596],[-88.271625,40.083563],[-88.271625,40.083541],[-88.271613,40.082687],[-88.271613,40.082686],[-88.27161,40.082523],[-88.27161,40.082521],[-88.271604,40.082037],[-88.271603,40.081992],[-88.271598,40.081611],[-88.271598,40.081587],[-88.271598,40.081584],[-88.271592,40.081157],[-88.271586,40.080716],[-88.27158,40.080288],[-88.271576,40.080032],[-88.271575,40.079977],[-88.271565,40.079245],[-88.271565,40.079216],[-88.271563,40.079094],[-88.271559,40.078761],[-88.271554,40.078428],[-88.271551,40.078246],[-88.271547,40.077936],[-88.271546,40.077855],[-88.271543,40.07761],[-88.271538,40.077268],[-88.271536,40.077101],[-88.27153,40.076719],[-88.271528,40.076559],[-88.271526,40.076408],[-88.271513,40.076408],[-88.271337,40.076407],[-88.270925,40.076406],[-88.270711,40.076405],[-88.27025,40.076404],[-88.269844,40.076403],[-88.269413,40.076402],[-88.268894,40.0764],[-88.268432,40.076399],[-88.268108,40.076398],[-88.268068,40.076398],[-88.267277,40.076395],[-88.266811,40.076394],[-88.266806,40.076394],[-88.266069,40.07639],[-88.265711,40.076389],[-88.265357,40.076387],[-88.264999,40.076385],[-88.264643,40.076384],[-88.264241,40.076382],[-88.263717,40.076379],[-88.263562,40.076379],[-88.262894,40.076376],[-88.26221,40.076372],[-88.262108,40.076372],[-88.262054,40.076372],[-88.261657,40.07637],[-88.261652,40.07637],[-88.261616,40.07637],[-88.261402,40.076369],[-88.261366,40.076368],[-88.2613,40.076368],[-88.261001,40.076367],[-88.260875,40.076366],[-88.26064,40.076365],[-88.260357,40.076364],[-88.260355,40.076364],[-88.260283,40.076363],[-88.259919,40.076361],[-88.259893,40.076361],[-88.259756,40.076361],[-88.25968,40.07636],[-88.259562,40.07636],[-88.259165,40.076358],[-88.259154,40.076358],[-88.259138,40.076358],[-88.258774,40.076356],[-88.258639,40.076355],[-88.258552,40.076355],[-88.258383,40.076354],[-88.257795,40.076351],[-88.257573,40.07635],[-88.257572,40.07635],[-88.257566,40.07635],[-88.257565,40.07635],[-88.257577,40.076815],[-88.257577,40.076818],[-88.25758,40.077158],[-88.25758,40.077161],[-88.257583,40.077433],[-88.257583,40.077436],[-88.257586,40.077707],[-88.257586,40.07771],[-88.257587,40.07783],[-88.257587,40.077832],[-88.257587,40.077833],[-88.257422,40.077833],[-88.257284,40.077832],[-88.257283,40.077832],[-88.257285,40.077963],[-88.257285,40.077966],[-88.257296,40.079086],[-88.257296,40.079097],[-88.257296,40.0791],[-88.257298,40.079262],[-88.257298,40.079265],[-88.257298,40.079279],[-88.257304,40.079878],[-88.257304,40.079881],[-88.257305,40.079992],[-88.257308,40.080316],[-88.257308,40.080317],[-88.257308,40.080331],[-88.257311,40.080621],[-88.257312,40.080705],[-88.257313,40.080785],[-88.257317,40.081075],[-88.257318,40.081088],[-88.257318,40.081102],[-88.257322,40.081405],[-88.257325,40.08157],[-88.257329,40.081871],[-88.257329,40.081885],[-88.257329,40.081898],[-88.257333,40.08217],[-88.257334,40.082198],[-88.257334,40.082199],[-88.25732,40.082199],[-88.257319,40.082199],[-88.257013,40.082198],[-88.257012,40.082198],[-88.257015,40.082345],[-88.257015,40.082363],[-88.257019,40.082664],[-88.257019,40.082676],[-88.257019,40.082678],[-88.257327,40.08268],[-88.257341,40.08268],[-88.257341,40.082694],[-88.257342,40.082804],[-88.257349,40.083244],[-88.257349,40.083257],[-88.257349,40.08329],[-88.257349,40.083291],[-88.257343,40.083291],[-88.257342,40.083291],[-88.257312,40.083374],[-88.257291,40.083411],[-88.257237,40.083463],[-88.257236,40.083463],[-88.257232,40.083464],[-88.257198,40.083475],[-88.257143,40.083492],[-88.25713,40.083492],[-88.25711,40.083492],[-88.257097,40.083492],[-88.257006,40.083491],[-88.257005,40.083491],[-88.25701,40.083501],[-88.25701,40.083502],[-88.256997,40.083502],[-88.256648,40.0835],[-88.256635,40.0835],[-88.25663,40.0835],[-88.256617,40.0835],[-88.256612,40.0835],[-88.256599,40.0835],[-88.256549,40.083499],[-88.256536,40.083499],[-88.256344,40.083498],[-88.256331,40.083498],[-88.256308,40.083498],[-88.256295,40.083498],[-88.255986,40.083496],[-88.255974,40.083496],[-88.255534,40.083494],[-88.255521,40.083494],[-88.255359,40.083493],[-88.255346,40.083493],[-88.255341,40.083493],[-88.255328,40.083493],[-88.255323,40.083493],[-88.254949,40.08349],[-88.254936,40.08349],[-88.254923,40.08349],[-88.25491,40.08349],[-88.254708,40.083489],[-88.254696,40.083489],[-88.254485,40.083488],[-88.254315,40.083487],[-88.254297,40.083487],[-88.254279,40.083487],[-88.254022,40.083485],[-88.253869,40.083484],[-88.253856,40.083484],[-88.253654,40.083483],[-88.253641,40.083483],[-88.253639,40.083483],[-88.25324,40.083481],[-88.253223,40.083481],[-88.25321,40.083481],[-88.253205,40.083481],[-88.252809,40.083478],[-88.252796,40.083478],[-88.252668,40.083478],[-88.252594,40.083477],[-88.252582,40.083477],[-88.252415,40.083476],[-88.252274,40.083475],[-88.252203,40.083475],[-88.252191,40.083475],[-88.252185,40.083475],[-88.252173,40.083475],[-88.252168,40.083475],[-88.252155,40.083475],[-88.251777,40.083473],[-88.251764,40.083473],[-88.251617,40.083472],[-88.251563,40.083471],[-88.25155,40.083471],[-88.25119,40.083469],[-88.251159,40.083469],[-88.251147,40.083469],[-88.251141,40.083469],[-88.251135,40.083469],[-88.251129,40.083469],[-88.251124,40.083469],[-88.251111,40.083469],[-88.250745,40.083467],[-88.250732,40.083467],[-88.250531,40.083466],[-88.250518,40.083466],[-88.250122,40.083463],[-88.250104,40.083463],[-88.250091,40.083463],[-88.249721,40.083461],[-88.249555,40.083449],[-88.249507,40.083446],[-88.249501,40.083446],[-88.249494,40.083446],[-88.249308,40.083445],[-88.249129,40.083444],[-88.249116,40.083444],[-88.249114,40.083444],[-88.249114,40.083444],[-88.249114,40.083446],[-88.248779,40.083444],[-88.248507,40.083442],[-88.248293,40.083441],[-88.248292,40.083441],[-88.24828,40.083441],[-88.248237,40.083441],[-88.248224,40.08344],[-88.247994,40.083439],[-88.247993,40.083439],[-88.247992,40.083439],[-88.247982,40.083439],[-88.247979,40.083439],[-88.247813,40.083438],[-88.247276,40.083434],[-88.247111,40.083433],[-88.247108,40.083433],[-88.247094,40.083433],[-88.247089,40.083433],[-88.247081,40.083433],[-88.247069,40.083433],[-88.247058,40.083433],[-88.246772,40.083431],[-88.246731,40.083431],[-88.24673,40.083431],[-88.24673,40.083431],[-88.246724,40.083474],[-88.246721,40.083494],[-88.246714,40.08354],[-88.246713,40.08354],[-88.246683,40.08354],[-88.246631,40.08354],[-88.246631,40.08354],[-88.246552,40.083539],[-88.246546,40.083539],[-88.246545,40.083539],[-88.246544,40.083539],[-88.246544,40.083539],[-88.246544,40.083539],[-88.246543,40.083539],[-88.246527,40.083539],[-88.246517,40.083539],[-88.246448,40.083977],[-88.246168,40.083974],[-88.246166,40.083987],[-88.246157,40.084045],[-88.246152,40.084076],[-88.24614,40.084154],[-88.24614,40.084157],[-88.246138,40.084167],[-88.246136,40.084185],[-88.246128,40.084239],[-88.246121,40.084286],[-88.24612,40.084293],[-88.24612,40.084293],[-88.246116,40.084321],[-88.246104,40.084402],[-88.246104,40.084405],[-88.246103,40.084414],[-88.246093,40.084484],[-88.246089,40.084511],[-88.246085,40.084542],[-88.246082,40.084565],[-88.246075,40.08462],[-88.246071,40.084647],[-88.246068,40.08467],[-88.246061,40.084729],[-88.246061,40.08473],[-88.246052,40.084799],[-88.246051,40.08481],[-88.246047,40.084838],[-88.246047,40.084838],[-88.246041,40.084892],[-88.246037,40.084927],[-88.246034,40.084947],[-88.246031,40.084974],[-88.246022,40.085056],[-88.246013,40.085132],[-88.246009,40.085168],[-88.246009,40.085171],[-88.246007,40.085185],[-88.246005,40.085209],[-88.245997,40.085281],[-88.245996,40.085286],[-88.245988,40.085362],[-88.245985,40.085393],[-88.245984,40.085401],[-88.245981,40.085439],[-88.245974,40.085506],[-88.245973,40.085516],[-88.245965,40.085516],[-88.245964,40.085516],[-88.245623,40.085516],[-88.24573,40.083987],[-88.24582,40.083535],[-88.245849,40.083384],[-88.245735,40.083383],[-88.245603,40.083383],[-88.245424,40.083382],[-88.244564,40.083377],[-88.244496,40.083376],[-88.244474,40.083376],[-88.244474,40.083376],[-88.244466,40.083376],[-88.244429,40.083376],[-88.244383,40.083375],[-88.244367,40.083375],[-88.244361,40.083375],[-88.244293,40.083374],[-88.244269,40.083373],[-88.244226,40.083372],[-88.244203,40.083372],[-88.244203,40.083372],[-88.244203,40.083372],[-88.244202,40.083372],[-88.244202,40.083372],[-88.24417,40.083371],[-88.244158,40.083371],[-88.244113,40.083369],[-88.24409,40.083369],[-88.244072,40.083368],[-88.244023,40.083367],[-88.243974,40.083365],[-88.243955,40.083364],[-88.243933,40.083364],[-88.243888,40.083362],[-88.243875,40.083361],[-88.243843,40.08336],[-88.243843,40.08336],[-88.243842,40.08336],[-88.243842,40.08336],[-88.24382,40.083359],[-88.243777,40.083357],[-88.243753,40.083356],[-88.243685,40.083353],[-88.243679,40.083353],[-88.243662,40.083352],[-88.243618,40.08335],[-88.243581,40.083348],[-88.243572,40.083348],[-88.24355,40.083346],[-88.243483,40.083343],[-88.241506,40.083229],[-88.241323,40.083218],[-88.241271,40.083215],[-88.241244,40.083214],[-88.241233,40.083213],[-88.241218,40.083212],[-88.241204,40.083212],[-88.241166,40.08321],[-88.241154,40.083209],[-88.241143,40.083208],[-88.241142,40.083208],[-88.241142,40.083208],[-88.241083,40.083206],[-88.241081,40.083205],[-88.241053,40.083204],[-88.241045,40.083204],[-88.241025,40.083203],[-88.240967,40.083201],[-88.240963,40.0832],[-88.240948,40.0832],[-88.240909,40.083198],[-88.240872,40.083197],[-88.240851,40.083196],[-88.240794,40.083194],[-88.240782,40.083194],[-88.240765,40.083193],[-88.240737,40.083193],[-88.240704,40.083192],[-88.240692,40.083191],[-88.240679,40.083191],[-88.240623,40.08319],[-88.240605,40.083189],[-88.240602,40.083189],[-88.240567,40.083188],[-88.24053,40.083188],[-88.240511,40.083187],[-88.240511,40.083187],[-88.240461,40.083186],[-88.240455,40.083186],[-88.240453,40.083186],[-88.24045,40.083186],[-88.240421,40.083186],[-88.240389,40.083185],[-88.240355,40.083185],[-88.240331,40.083185],[-88.240322,40.083185],[-88.240312,40.083185],[-88.240256,40.083184],[-88.24024,40.083184],[-88.240235,40.083184],[-88.240203,40.083184],[-88.24015,40.083184],[-88.239788,40.083183],[-88.239512,40.083183],[-88.238851,40.083183],[-88.238713,40.083183],[-88.238645,40.083183],[-88.238497,40.083183],[-88.238492,40.083183],[-88.238492,40.083183],[-88.238487,40.083183],[-88.238487,40.083183],[-88.238484,40.083183],[-88.238484,40.083183],[-88.238182,40.083183],[-88.238181,40.083183],[-88.238114,40.083183],[-88.23811,40.083183],[-88.238082,40.083182],[-88.238069,40.083182],[-88.238047,40.083182],[-88.238038,40.083182],[-88.238018,40.083182],[-88.237983,40.083182],[-88.23798,40.083182],[-88.237976,40.083182],[-88.237966,40.083182],[-88.237957,40.083182],[-88.237913,40.083182],[-88.237895,40.083183],[-88.237883,40.083183],[-88.23785,40.083183],[-88.237845,40.083183],[-88.23783,40.083183],[-88.23783,40.083183],[-88.237823,40.083183],[-88.237817,40.083183],[-88.237784,40.083183],[-88.237776,40.083183],[-88.237776,40.083183],[-88.237751,40.083184],[-88.237748,40.083184],[-88.237741,40.083184],[-88.237733,40.083184],[-88.237707,40.083184],[-88.237706,40.083184],[-88.237684,40.083184],[-88.23768,40.083184],[-88.237645,40.083185],[-88.237643,40.083185],[-88.237637,40.083185],[-88.237636,40.083185],[-88.237621,40.083185],[-88.237608,40.083186],[-88.237585,40.083186],[-88.237568,40.083186],[-88.237566,40.083186],[-88.237543,40.083187],[-88.237536,40.083187],[-88.237531,40.083187],[-88.237509,40.083187],[-88.237499,40.083188],[-88.237496,40.083188],[-88.237485,40.083188],[-88.237468,40.083188],[-88.237465,40.083188],[-88.23746,40.083189],[-88.23744,40.083189],[-88.23743,40.083189],[-88.237427,40.083189],[-88.237398,40.08319],[-88.237393,40.08319],[-88.237385,40.08319],[-88.23736,40.083191],[-88.237357,40.083191],[-88.237338,40.083192],[-88.237322,40.083192],[-88.237321,40.083192],[-88.237291,40.083193],[-88.237287,40.083193],[-88.237286,40.083193],[-88.237286,40.083193],[-88.23725,40.083194],[-88.237222,40.083195],[-88.237217,40.083195],[-88.237186,40.083197],[-88.237178,40.083197],[-88.237174,40.083197],[-88.237152,40.083198],[-88.237148,40.083198],[-88.237113,40.083199],[-88.237107,40.083199],[-88.237103,40.0832],[-88.237087,40.0832],[-88.237083,40.0832],[-88.237078,40.083201],[-88.237062,40.083201],[-88.237035,40.083202],[-88.237014,40.083203],[-88.237008,40.083203],[-88.236988,40.083204],[-88.236964,40.083205],[-88.23695,40.083206],[-88.236945,40.083206],[-88.236939,40.083207],[-88.236904,40.083208],[-88.236892,40.083209],[-88.236888,40.083209],[-88.236876,40.08321],[-88.236869,40.08321],[-88.236838,40.083211],[-88.23682,40.083212],[-88.236806,40.083213],[-88.236799,40.083213],[-88.236789,40.083214],[-88.236756,40.083216],[-88.236755,40.083216],[-88.236749,40.083216],[-88.236742,40.083216],[-88.236737,40.083217],[-88.23673,40.083217],[-88.236727,40.083217],[-88.236695,40.083219],[-88.236689,40.083219],[-88.236677,40.08322],[-88.236668,40.083221],[-88.23666,40.083221],[-88.236615,40.083224],[-88.236606,40.083224],[-88.236599,40.083225],[-88.23659,40.083225],[-88.23659,40.083225],[-88.236535,40.083229],[-88.23653,40.083229],[-88.236524,40.083229],[-88.236503,40.083231],[-88.236491,40.083231],[-88.236463,40.083233],[-88.236461,40.083233],[-88.236458,40.083234],[-88.236392,40.083238],[-88.236391,40.083238],[-88.236222,40.083241],[-88.235857,40.083248],[-88.235733,40.083254],[-88.235153,40.083282],[-88.23409,40.083286],[-88.233326,40.083291],[-88.233197,40.083292],[-88.232953,40.083269],[-88.23266,40.08324],[-88.232528,40.083241],[-88.232528,40.083611],[-88.232528,40.083777],[-88.232527,40.084617],[-88.232526,40.084962],[-88.232526,40.085174],[-88.232524,40.0868],[-88.232521,40.090309],[-88.23252,40.090771],[-88.232521,40.090868],[-88.232522,40.090952],[-88.232522,40.090986],[-88.232527,40.091452],[-88.232538,40.092677],[-88.232538,40.092679],[-88.232538,40.092681],[-88.232544,40.093575],[-88.232544,40.093577],[-88.232544,40.093579],[-88.232544,40.093812],[-88.232544,40.093815],[-88.232544,40.093832],[-88.232544,40.093834],[-88.232549,40.093856],[-88.232671,40.094345],[-88.232687,40.094413],[-88.232688,40.094415],[-88.232615,40.094415],[-88.230718,40.094415],[-88.229664,40.094423],[-88.228485,40.094432],[-88.228487,40.094501],[-88.228487,40.094503],[-88.228489,40.094569],[-88.228505,40.095229],[-88.228529,40.096233],[-88.228573,40.098009],[-88.228575,40.098117],[-88.228575,40.098124],[-88.228578,40.098239],[-88.230955,40.098229],[-88.230956,40.098229],[-88.233093,40.098221],[-88.233094,40.098221],[-88.233199,40.09822],[-88.2332,40.09822],[-88.2332,40.098226],[-88.233204,40.098468],[-88.233226,40.099872],[-88.233227,40.099944],[-88.233235,40.100435],[-88.233235,40.100435],[-88.232859,40.10044],[-88.232784,40.100441],[-88.232671,40.100442],[-88.232483,40.100444],[-88.232333,40.100445],[-88.23215,40.100447],[-88.232108,40.100448],[-88.232065,40.100448],[-88.231883,40.10045],[-88.231732,40.100451],[-88.231544,40.100453],[-88.231432,40.100454],[-88.231357,40.100455],[-88.230981,40.100458],[-88.23098,40.100458],[-88.230644,40.100461],[-88.23051,40.100462],[-88.230476,40.100462],[-88.230307,40.100463],[-88.230039,40.100465],[-88.229971,40.100466],[-88.229634,40.100468],[-88.229567,40.100468],[-88.229466,40.100469],[-88.229298,40.10047],[-88.229096,40.100471],[-88.229003,40.100472],[-88.228962,40.100472],[-88.228625,40.100474],[-88.228627,40.100568],[-88.228627,40.100583],[-88.22863,40.100693],[-88.228636,40.100997],[-88.228647,40.101496],[-88.228653,40.101788],[-88.228653,40.101806],[-88.228656,40.101963],[-88.228727,40.105315],[-88.228729,40.105405],[-88.228729,40.105413],[-88.22873,40.105461],[-88.228731,40.105518],[-88.228736,40.10588],[-88.228743,40.106338],[-88.228751,40.106852],[-88.228767,40.107949],[-88.22883,40.112189],[-88.228832,40.112298],[-88.228838,40.112703],[-88.228838,40.112705],[-88.228856,40.114008],[-88.228856,40.11401],[-88.228869,40.114876],[-88.228877,40.11548],[-88.228889,40.116336],[-88.228889,40.116337],[-88.228889,40.116337],[-88.228889,40.116337],[-88.228886,40.116337],[-88.228773,40.116338],[-88.228773,40.116338],[-88.228773,40.116338],[-88.228772,40.116338],[-88.228772,40.11634],[-88.228773,40.116386],[-88.228773,40.116386],[-88.228887,40.116386],[-88.22889,40.116386],[-88.231747,40.116372],[-88.243524,40.116313],[-88.257857,40.116286],[-88.260258,40.116305]],[[-88.244393,40.09027],[-88.244393,40.090284],[-88.244392,40.090423],[-88.244392,40.090809],[-88.244392,40.090819],[-88.244979,40.090823],[-88.244977,40.090835],[-88.244863,40.091534],[-88.244845,40.091646],[-88.244837,40.091693],[-88.244695,40.092558],[-88.244545,40.093474],[-88.244395,40.094386],[-88.244395,40.094387],[-88.244383,40.094387],[-88.244325,40.094387],[-88.244312,40.094387],[-88.243324,40.09439],[-88.243312,40.09439],[-88.243199,40.09439],[-88.243199,40.093474],[-88.243198,40.092558],[-88.243197,40.091693],[-88.243197,40.090828],[-88.243197,40.09081],[-88.243286,40.090811],[-88.243572,40.090813],[-88.243575,40.090286],[-88.243575,40.090264],[-88.244393,40.09027]],[[-88.241851,40.088016],[-88.241851,40.088243],[-88.241851,40.088244],[-88.241838,40.088244],[-88.241801,40.088244],[-88.241787,40.088244],[-88.241774,40.088244],[-88.241724,40.088244],[-88.241711,40.088244],[-88.241116,40.088244],[-88.241103,40.088244],[-88.240944,40.088244],[-88.240944,40.088022],[-88.240931,40.088022],[-88.239171,40.088019],[-88.238516,40.088017],[-88.238511,40.087139],[-88.238512,40.087139],[-88.239201,40.087139],[-88.23939,40.087139],[-88.23979,40.087139],[-88.23979,40.086782],[-88.23979,40.086726],[-88.23979,40.086723],[-88.23979,40.086552],[-88.23979,40.086245],[-88.239813,40.086245],[-88.239826,40.086245],[-88.24001,40.086244],[-88.240103,40.086244],[-88.240115,40.086244],[-88.240115,40.086254],[-88.240114,40.086824],[-88.240112,40.087138],[-88.240489,40.08714],[-88.240931,40.087143],[-88.240944,40.087143],[-88.241117,40.087144],[-88.241129,40.087144],[-88.241767,40.087145],[-88.241779,40.087145],[-88.241837,40.087145],[-88.24185,40.087145],[-88.241851,40.088016]]]]},"id":2},{"type":"Feature","properties":{"district":"Southwest","area":"West of Prospect, South of University"},"geometry":{"type":"Polygon","coordinates":[[[-88.276192,40.072891],[-88.27633,40.072893],[-88.276635,40.072899],[-88.278234,40.072929],[-88.279832,40.07296],[-88.280919,40.07298],[-88.280922,40.073178],[-88.280922,40.07318],[-88.280923,40.073282],[-88.280931,40.073832],[-88.280931,40.073864],[-88.280943,40.074682],[-88.280943,40.074682],[-88.28093,40.074682],[-88.27985,40.074666],[-88.279517,40.074661],[-88.276914,40.074623],[-88.276356,40.074614],[-88.276216,40.074612],[-88.276298,40.080367],[-88.276299,40.080424],[-88.276308,40.081227],[-88.276447,40.081226],[-88.276454,40.081226],[-88.276526,40.081227],[-88.276812,40.081231],[-88.27686,40.081231],[-88.276896,40.081232],[-88.277111,40.081234],[-88.277237,40.081236],[-88.277559,40.08124],[-88.277855,40.081244],[-88.278151,40.081248],[-88.278186,40.081249],[-88.278186,40.081249],[-88.278186,40.081249],[-88.278187,40.081249],[-88.27822,40.081249],[-88.278362,40.081251],[-88.278483,40.081253],[-88.278745,40.081256],[-88.27875,40.081256],[-88.278751,40.081256],[-88.278758,40.081256],[-88.278763,40.081256],[-88.278775,40.081257],[-88.278789,40.081258],[-88.278795,40.081258],[-88.278801,40.081258],[-88.278804,40.081258],[-88.278805,40.081259],[-88.278806,40.081259],[-88.278809,40.081259],[-88.278812,40.081259],[-88.278814,40.081259],[-88.278816,40.081259],[-88.278817,40.081259],[-88.278823,40.08126],[-88.278829,40.081261],[-88.278834,40.081261],[-88.278836,40.081261],[-88.278842,40.081262],[-88.27885,40.081263],[-88.278854,40.081263],[-88.278857,40.081263],[-88.278865,40.081265],[-88.278867,40.081265],[-88.278868,40.081265],[-88.278877,40.081266],[-88.27888,40.081267],[-88.278886,40.081268],[-88.278888,40.081268],[-88.278893,40.081269],[-88.278897,40.081269],[-88.278906,40.081271],[-88.278908,40.081271],[-88.27891,40.081271],[-88.278917,40.081273],[-88.278919,40.081273],[-88.278931,40.081275],[-88.278931,40.081275],[-88.278932,40.081276],[-88.278937,40.081277],[-88.278946,40.081278],[-88.278952,40.08128],[-88.278957,40.081281],[-88.278961,40.081282],[-88.278973,40.081285],[-88.278975,40.081285],[-88.278976,40.081285],[-88.278989,40.081289],[-88.278993,40.08129],[-88.278996,40.081291],[-88.279003,40.081293],[-88.279004,40.081293],[-88.279007,40.081294],[-88.279014,40.081296],[-88.279015,40.081296],[-88.279018,40.081297],[-88.279032,40.081301],[-88.279034,40.081302],[-88.279034,40.081302],[-88.279043,40.081305],[-88.279046,40.081306],[-88.279048,40.081306],[-88.279053,40.081308],[-88.279053,40.081308],[-88.279059,40.08131],[-88.279063,40.081312],[-88.27907,40.081314],[-88.279072,40.081315],[-88.279073,40.081315],[-88.279075,40.081316],[-88.279082,40.081318],[-88.279087,40.08132],[-88.27909,40.081322],[-88.279093,40.081323],[-88.279099,40.081325],[-88.279108,40.081329],[-88.27911,40.08133],[-88.279122,40.081335],[-88.279126,40.081337],[-88.279127,40.081337],[-88.279133,40.08134],[-88.279144,40.081345],[-88.279151,40.081348],[-88.279157,40.081351],[-88.27916,40.081352],[-88.279161,40.081353],[-88.279164,40.081354],[-88.279166,40.081355],[-88.279169,40.081357],[-88.27917,40.081357],[-88.27917,40.081358],[-88.27917,40.081358],[-88.279175,40.08136],[-88.279177,40.081361],[-88.279178,40.081362],[-88.279182,40.081364],[-88.279183,40.081365],[-88.279184,40.081365],[-88.279195,40.081371],[-88.279195,40.081371],[-88.279201,40.081374],[-88.279202,40.081375],[-88.279206,40.081377],[-88.279212,40.08138],[-88.279217,40.081384],[-88.279218,40.081384],[-88.279219,40.081385],[-88.279228,40.08139],[-88.279235,40.081395],[-88.279237,40.081396],[-88.279239,40.081397],[-88.279244,40.0814],[-88.279249,40.081404],[-88.279252,40.081406],[-88.279254,40.081407],[-88.279259,40.081411],[-88.27926,40.081411],[-88.27927,40.081418],[-88.27927,40.081418],[-88.27927,40.081418],[-88.279272,40.081419],[-88.279274,40.081421],[-88.279276,40.081423],[-88.27928,40.081425],[-88.27928,40.081425],[-88.27928,40.081426],[-88.279285,40.081429],[-88.279285,40.081429],[-88.279287,40.081431],[-88.279289,40.081432],[-88.279289,40.081432],[-88.279289,40.081432],[-88.279289,40.081432],[-88.279289,40.081433],[-88.279296,40.081437],[-88.279296,40.081438],[-88.279299,40.08144],[-88.279303,40.081443],[-88.279303,40.081444],[-88.279307,40.081447],[-88.279316,40.081454],[-88.279317,40.081455],[-88.279321,40.081458],[-88.279326,40.081463],[-88.279329,40.081466],[-88.279331,40.081467],[-88.279332,40.081468],[-88.279335,40.081471],[-88.279337,40.081473],[-88.279341,40.081476],[-88.279341,40.081476],[-88.279344,40.081479],[-88.279345,40.08148],[-88.279346,40.081481],[-88.279352,40.081487],[-88.279354,40.081489],[-88.279356,40.08149],[-88.279357,40.081492],[-88.279358,40.081493],[-88.279363,40.081498],[-88.279366,40.081501],[-88.279369,40.081504],[-88.27937,40.081505],[-88.27937,40.081505],[-88.279371,40.081507],[-88.27938,40.081516],[-88.27938,40.081516],[-88.279381,40.081517],[-88.279383,40.08152],[-88.279388,40.081525],[-88.27939,40.081528],[-88.279392,40.08153],[-88.279393,40.081531],[-88.279394,40.081532],[-88.279396,40.081534],[-88.279396,40.081535],[-88.279396,40.081535],[-88.279402,40.081542],[-88.279402,40.081542],[-88.279403,40.081544],[-88.279405,40.081546],[-88.279405,40.081546],[-88.279406,40.081547],[-88.279408,40.08155],[-88.279408,40.08155],[-88.279414,40.081557],[-88.279419,40.081564],[-88.27942,40.081566],[-88.279421,40.081567],[-88.279421,40.081567],[-88.279421,40.081567],[-88.279421,40.081568],[-88.279423,40.081569],[-88.279423,40.08157],[-88.279424,40.081571],[-88.279424,40.081571],[-88.279425,40.081573],[-88.279426,40.081575],[-88.279428,40.081576],[-88.279428,40.081577],[-88.279429,40.081579],[-88.279432,40.081584],[-88.279433,40.081585],[-88.279438,40.081593],[-88.279442,40.081599],[-88.279444,40.081602],[-88.279445,40.081604],[-88.279448,40.081609],[-88.279451,40.081613],[-88.279452,40.081615],[-88.279452,40.081616],[-88.279453,40.081616],[-88.279454,40.081618],[-88.279454,40.081619],[-88.279454,40.081619],[-88.279457,40.081624],[-88.279457,40.081625],[-88.279459,40.081628],[-88.27946,40.081629],[-88.27946,40.081629],[-88.279461,40.081632],[-88.279462,40.081633],[-88.279462,40.081634],[-88.279465,40.081639],[-88.279466,40.08164],[-88.279466,40.081641],[-88.279466,40.081641],[-88.279466,40.081642],[-88.279467,40.081643],[-88.279468,40.081645],[-88.279471,40.081651],[-88.279474,40.081657],[-88.279474,40.081658],[-88.279475,40.081659],[-88.279475,40.08166],[-88.279475,40.081661],[-88.279476,40.081662],[-88.279478,40.081666],[-88.279478,40.081668],[-88.279478,40.081668],[-88.27948,40.081672],[-88.279481,40.081672],[-88.279482,40.081677],[-88.279483,40.081678],[-88.279484,40.08168],[-88.279485,40.081684],[-88.279487,40.081687],[-88.279487,40.081689],[-88.279488,40.08169],[-88.27949,40.081697],[-88.27949,40.081698],[-88.279491,40.081699],[-88.279492,40.081702],[-88.279492,40.081703],[-88.279493,40.081704],[-88.279494,40.081708],[-88.279494,40.081708],[-88.279495,40.081712],[-88.279496,40.081713],[-88.279496,40.081714],[-88.279496,40.081715],[-88.279496,40.081716],[-88.279497,40.081717],[-88.279497,40.081718],[-88.279497,40.081718],[-88.279498,40.081719],[-88.279498,40.081721],[-88.279499,40.081725],[-88.2795,40.081727],[-88.2795,40.081728],[-88.279501,40.08173],[-88.279502,40.081733],[-88.279502,40.081733],[-88.279502,40.081734],[-88.279503,40.081736],[-88.279503,40.081737],[-88.279503,40.081738],[-88.279503,40.081738],[-88.279503,40.081738],[-88.279504,40.081741],[-88.279504,40.081742],[-88.279504,40.081743],[-88.279505,40.081744],[-88.279505,40.081746],[-88.279505,40.081747],[-88.279505,40.081748],[-88.279506,40.081749],[-88.279506,40.081749],[-88.279506,40.08175],[-88.279506,40.081751],[-88.279506,40.081751],[-88.279508,40.081758],[-88.279508,40.081759],[-88.279508,40.08176],[-88.279509,40.081762],[-88.279509,40.081764],[-88.27951,40.081766],[-88.27951,40.081768],[-88.27951,40.081769],[-88.27951,40.08177],[-88.279511,40.081772],[-88.279511,40.081773],[-88.279511,40.081774],[-88.279511,40.081775],[-88.279512,40.081778],[-88.279512,40.081779],[-88.279512,40.08178],[-88.279512,40.08178],[-88.279513,40.081782],[-88.279513,40.081783],[-88.279513,40.081784],[-88.279513,40.081787],[-88.279514,40.08179],[-88.279514,40.08179],[-88.279514,40.081792],[-88.279514,40.081793],[-88.279514,40.081794],[-88.279515,40.081795],[-88.279515,40.081795],[-88.279515,40.081796],[-88.279515,40.081797],[-88.279515,40.081798],[-88.279515,40.0818],[-88.279516,40.081804],[-88.279516,40.081805],[-88.279516,40.081806],[-88.279516,40.081806],[-88.279516,40.081807],[-88.279516,40.081808],[-88.279516,40.08181],[-88.279516,40.081811],[-88.279517,40.081811],[-88.279517,40.081812],[-88.279517,40.081816],[-88.279517,40.081817],[-88.279517,40.081817],[-88.279517,40.081817],[-88.279517,40.081817],[-88.279517,40.08182],[-88.279517,40.081822],[-88.279518,40.081823],[-88.279518,40.081823],[-88.279518,40.081827],[-88.279518,40.081828],[-88.279518,40.081828],[-88.279518,40.081829],[-88.279518,40.08183],[-88.279519,40.08184],[-88.279519,40.081841],[-88.279519,40.081843],[-88.279519,40.081846],[-88.279519,40.081851],[-88.279519,40.081852],[-88.279519,40.081861],[-88.279523,40.08208],[-88.279523,40.082083],[-88.279523,40.082086],[-88.279523,40.082086],[-88.27951,40.082086],[-88.279487,40.082086],[-88.279375,40.082083],[-88.279186,40.08208],[-88.279175,40.08208],[-88.279169,40.08208],[-88.279169,40.08208],[-88.279169,40.08208],[-88.279169,40.08208],[-88.279169,40.08208],[-88.279168,40.082091],[-88.279168,40.082094],[-88.279168,40.082094],[-88.279155,40.082094],[-88.27904,40.082092],[-88.279024,40.082092],[-88.279023,40.082092],[-88.279023,40.082092],[-88.279018,40.082267],[-88.279015,40.082329],[-88.279012,40.082438],[-88.27901,40.082483],[-88.27901,40.082494],[-88.279013,40.082494],[-88.279016,40.082494],[-88.279035,40.082495],[-88.279036,40.082495],[-88.279038,40.082495],[-88.279041,40.082495],[-88.279043,40.082495],[-88.279044,40.082495],[-88.279049,40.082495],[-88.27906,40.082495],[-88.279063,40.082495],[-88.279078,40.082496],[-88.27908,40.082496],[-88.279119,40.082496],[-88.279528,40.0825],[-88.279529,40.082604],[-88.279531,40.082775],[-88.279531,40.082784],[-88.279534,40.08304],[-88.279534,40.0831],[-88.279535,40.083134],[-88.279537,40.083298],[-88.279581,40.083299],[-88.279582,40.083465],[-88.279582,40.083635],[-88.279582,40.083646],[-88.279582,40.083646],[-88.27957,40.083646],[-88.27895,40.083638],[-88.27864,40.083634],[-88.278296,40.083629],[-88.278185,40.083625],[-88.278149,40.083623],[-88.278149,40.083617],[-88.278149,40.08338],[-88.278149,40.083233],[-88.27815,40.082698],[-88.27815,40.082695],[-88.27815,40.082448],[-88.27815,40.082446],[-88.27815,40.082445],[-88.27815,40.082404],[-88.27815,40.082341],[-88.278138,40.082341],[-88.27739,40.082327],[-88.277379,40.082326],[-88.277174,40.082322],[-88.276998,40.082319],[-88.276998,40.082319],[-88.276998,40.082319],[-88.276468,40.082309],[-88.276321,40.082306],[-88.276337,40.083712],[-88.276357,40.085544],[-88.27636,40.085755],[-88.276373,40.086913],[-88.276384,40.08783],[-88.276384,40.087833],[-88.276405,40.089632],[-88.276419,40.090872],[-88.276428,40.091651],[-88.276431,40.091859],[-88.276441,40.09276],[-88.27645,40.093532],[-88.276458,40.094262],[-88.276458,40.094267],[-88.276467,40.095038],[-88.27648,40.096227],[-88.276505,40.098268],[-88.276517,40.09915],[-88.276528,40.099957],[-88.276533,40.100356],[-88.276544,40.101057],[-88.276563,40.102353],[-88.276583,40.103725],[-88.276595,40.104549],[-88.276603,40.105111],[-88.276625,40.106552],[-88.276626,40.106644],[-88.276639,40.107428],[-88.276662,40.108827],[-88.276668,40.109001],[-88.276683,40.109224],[-88.276698,40.109444],[-88.27671,40.109664],[-88.27672,40.110333],[-88.276731,40.111025],[-88.27674,40.111668],[-88.276743,40.111843],[-88.276744,40.111895],[-88.276751,40.112037],[-88.27676,40.112179],[-88.276772,40.112347],[-88.276778,40.112516],[-88.276783,40.112839],[-88.276794,40.1136],[-88.27681,40.11465],[-88.276823,40.115537],[-88.276825,40.115658],[-88.276837,40.116437],[-88.276837,40.116439],[-88.276902,40.11644],[-88.277249,40.116445],[-88.278971,40.116467],[-88.2803,40.116484],[-88.281703,40.116502],[-88.28227,40.116503],[-88.282602,40.11652],[-88.282999,40.116548],[-88.283329,40.116583],[-88.283497,40.116606],[-88.283598,40.11662],[-88.283977,40.116687],[-88.284032,40.116698],[-88.284266,40.116746],[-88.284744,40.116867],[-88.284817,40.116889],[-88.284851,40.116899],[-88.285212,40.117009],[-88.28539,40.11707],[-88.285792,40.117224],[-88.286626,40.117617],[-88.286843,40.117737],[-88.286844,40.117737],[-88.287431,40.118055],[-88.287657,40.118187],[-88.287843,40.118294],[-88.288032,40.118398],[-88.288224,40.118499],[-88.288318,40.118547],[-88.288524,40.118648],[-88.288571,40.118671],[-88.288701,40.118732],[-88.288898,40.118821],[-88.289156,40.118929],[-88.289417,40.119031],[-88.289683,40.119126],[-88.289953,40.119215],[-88.290226,40.119298],[-88.290502,40.119373],[-88.290723,40.119428],[-88.290999,40.119491],[-88.291277,40.119547],[-88.291558,40.119597],[-88.29184,40.11964],[-88.292123,40.119676],[-88.292409,40.119706],[-88.292695,40.119729],[-88.292981,40.119745],[-88.293106,40.11975],[-88.293399,40.119758],[-88.293692,40.119763],[-88.295538,40.119784],[-88.295846,40.119788],[-88.296302,40.119793],[-88.296844,40.119799],[-88.297251,40.119803],[-88.298557,40.119818],[-88.298838,40.119821],[-88.298843,40.119821],[-88.298871,40.119822],[-88.29919,40.119825],[-88.299839,40.119833],[-88.300303,40.119839],[-88.300298,40.119504],[-88.300273,40.117612],[-88.300271,40.117447],[-88.300164,40.117448],[-88.298918,40.11745],[-88.298811,40.117451],[-88.29881,40.117451],[-88.298813,40.117615],[-88.298825,40.118573],[-88.298838,40.11955],[-88.298838,40.11955],[-88.298838,40.11955],[-88.298812,40.119551],[-88.297377,40.119597],[-88.297376,40.119597],[-88.297291,40.119596],[-88.297255,40.119596],[-88.296302,40.119587],[-88.295854,40.119583],[-88.295854,40.119582],[-88.295845,40.119445],[-88.29576,40.118222],[-88.295666,40.117862],[-88.295663,40.117638],[-88.29566,40.117473],[-88.295649,40.116668],[-88.295635,40.115622],[-88.295627,40.115084],[-88.295621,40.11466],[-88.295584,40.114661],[-88.295584,40.114661],[-88.295584,40.114661],[-88.295583,40.114661],[-88.295478,40.114661],[-88.295371,40.114662],[-88.295318,40.114662],[-88.294377,40.114669],[-88.294374,40.114669],[-88.294369,40.114669],[-88.294367,40.114669],[-88.293007,40.114678],[-88.292314,40.113842],[-88.292122,40.113611],[-88.292123,40.11361],[-88.292154,40.113595],[-88.292164,40.113589],[-88.292171,40.113586],[-88.292185,40.113579],[-88.292206,40.113569],[-88.292216,40.113564],[-88.29222,40.113562],[-88.292245,40.11355],[-88.292247,40.113549],[-88.292249,40.113548],[-88.29227,40.113538],[-88.292284,40.113531],[-88.292303,40.113523],[-88.292304,40.113522],[-88.29232,40.113514],[-88.292321,40.113514],[-88.292359,40.113497],[-88.29237,40.113491],[-88.292395,40.11348],[-88.292404,40.113476],[-88.292421,40.113469],[-88.292431,40.113464],[-88.29245,40.113456],[-88.292468,40.113448],[-88.292471,40.113446],[-88.292495,40.113436],[-88.292499,40.113434],[-88.292505,40.113432],[-88.292522,40.113424],[-88.29254,40.113416],[-88.292541,40.113416],[-88.292544,40.113415],[-88.292573,40.113402],[-88.292574,40.113402],[-88.292584,40.113398],[-88.292605,40.113389],[-88.292625,40.113381],[-88.292627,40.11338],[-88.292638,40.113376],[-88.292652,40.11337],[-88.29267,40.113363],[-88.292677,40.11336],[-88.292686,40.113356],[-88.292707,40.113348],[-88.29271,40.113347],[-88.292712,40.113346],[-88.292729,40.113339],[-88.292743,40.113334],[-88.292764,40.113325],[-88.292766,40.113325],[-88.29278,40.113319],[-88.292781,40.113319],[-88.292816,40.113306],[-88.292821,40.113304],[-88.292834,40.113299],[-88.292852,40.113292],[-88.292878,40.113282],[-88.292886,40.113279],[-88.292889,40.113278],[-88.292904,40.113273],[-88.292911,40.113271],[-88.292925,40.113265],[-88.292936,40.113261],[-88.292939,40.11326],[-88.292962,40.113252],[-88.292993,40.113241],[-88.292994,40.113241],[-88.292999,40.113239],[-88.293036,40.113226],[-88.293046,40.113223],[-88.293052,40.113221],[-88.293073,40.113214],[-88.2931,40.113205],[-88.29311,40.113201],[-88.293142,40.113191],[-88.293153,40.113187],[-88.293159,40.113185],[-88.293175,40.11318],[-88.293207,40.11317],[-88.294215,40.113179],[-88.294368,40.113138],[-88.294567,40.113084],[-88.294857,40.113005],[-88.294566,40.113002],[-88.294564,40.112853],[-88.294565,40.112853],[-88.294606,40.112847],[-88.294607,40.112847],[-88.294607,40.112847],[-88.294608,40.112847],[-88.294615,40.112846],[-88.294615,40.112846],[-88.294624,40.112845],[-88.29463,40.112844],[-88.294634,40.112843],[-88.294634,40.112843],[-88.294635,40.112843],[-88.294648,40.112841],[-88.294649,40.112841],[-88.294651,40.112841],[-88.294651,40.112841],[-88.294671,40.112838],[-88.294672,40.112838],[-88.294683,40.112837],[-88.294691,40.112836],[-88.294692,40.112836],[-88.294695,40.112835],[-88.294696,40.112835],[-88.294704,40.112834],[-88.294705,40.112834],[-88.294733,40.11283],[-88.294734,40.11283],[-88.294739,40.11283],[-88.29474,40.112829],[-88.294743,40.112829],[-88.294761,40.112827],[-88.294773,40.112825],[-88.294775,40.112825],[-88.294777,40.112825],[-88.294783,40.112824],[-88.294794,40.112823],[-88.294803,40.112822],[-88.29481,40.112821],[-88.29481,40.112821],[-88.294817,40.11282],[-88.29482,40.11282],[-88.294826,40.112819],[-88.294827,40.112819],[-88.294843,40.112817],[-88.29485,40.112816],[-88.29486,40.112815],[-88.294862,40.112815],[-88.29487,40.112814],[-88.294893,40.112812],[-88.294902,40.112811],[-88.294905,40.11281],[-88.294913,40.11281],[-88.294914,40.112809],[-88.294917,40.112809],[-88.294918,40.112809],[-88.294922,40.112808],[-88.294936,40.112807],[-88.294936,40.112807],[-88.294945,40.112806],[-88.294948,40.112806],[-88.294958,40.112805],[-88.294959,40.112805],[-88.294972,40.112803],[-88.294972,40.112803],[-88.294982,40.112802],[-88.294983,40.112802],[-88.294987,40.112802],[-88.294991,40.112802],[-88.295002,40.112801],[-88.295026,40.112798],[-88.29503,40.112798],[-88.295033,40.112798],[-88.295042,40.112797],[-88.295046,40.112796],[-88.295053,40.112796],[-88.295072,40.112794],[-88.295076,40.112794],[-88.29509,40.112793],[-88.295092,40.112792],[-88.295096,40.112792],[-88.295102,40.112791],[-88.295115,40.11279],[-88.295119,40.11279],[-88.295123,40.11279],[-88.295134,40.112789],[-88.295157,40.112787],[-88.295158,40.112787],[-88.295162,40.112787],[-88.295163,40.112787],[-88.29517,40.112786],[-88.295179,40.112785],[-88.295193,40.112784],[-88.2952,40.112784],[-88.295205,40.112783],[-88.29522,40.112782],[-88.295223,40.112782],[-88.295225,40.112782],[-88.295242,40.112781],[-88.295248,40.11278],[-88.295263,40.112779],[-88.295267,40.112779],[-88.295285,40.112778],[-88.295291,40.112778],[-88.295345,40.112778],[-88.295366,40.112778],[-88.295452,40.112779],[-88.295595,40.112778],[-88.295595,40.112743],[-88.295595,40.112737],[-88.295595,40.112737],[-88.295595,40.112733],[-88.295594,40.11272],[-88.295594,40.112679],[-88.295592,40.112572],[-88.295593,40.112572],[-88.295672,40.112573],[-88.295825,40.112575],[-88.296043,40.112578],[-88.296261,40.112581],[-88.296479,40.112584],[-88.296484,40.112584],[-88.296697,40.112587],[-88.297157,40.112592],[-88.29738,40.112595],[-88.297426,40.112596],[-88.297926,40.112602],[-88.298042,40.112603],[-88.298231,40.112606],[-88.298427,40.112608],[-88.298927,40.112615],[-88.299428,40.112621],[-88.299752,40.112626],[-88.299928,40.112628],[-88.300428,40.112635],[-88.300818,40.11264],[-88.300843,40.11264],[-88.300929,40.112641],[-88.301033,40.112642],[-88.301429,40.112648],[-88.30193,40.112654],[-88.30243,40.112661],[-88.30293,40.112667],[-88.303431,40.112674],[-88.303727,40.112678],[-88.303931,40.11268],[-88.30403,40.112682],[-88.304402,40.112686],[-88.304407,40.112687],[-88.304443,40.112687],[-88.304974,40.11269],[-88.305536,40.112693],[-88.306095,40.112695],[-88.308228,40.112706],[-88.309065,40.11271],[-88.309731,40.112714],[-88.309731,40.112713],[-88.309731,40.112712],[-88.309731,40.112672],[-88.309731,40.112671],[-88.309731,40.112671],[-88.309728,40.112479],[-88.309729,40.112479],[-88.309844,40.11248],[-88.310016,40.112482],[-88.310022,40.112482],[-88.310022,40.112481],[-88.309988,40.110829],[-88.309982,40.110524],[-88.309981,40.110473],[-88.30998,40.110406],[-88.309979,40.110343],[-88.309978,40.110298],[-88.309978,40.110292],[-88.309975,40.110161],[-88.309972,40.109969],[-88.309969,40.109806],[-88.309968,40.109793],[-88.309968,40.109792],[-88.309968,40.10979],[-88.309967,40.109461],[-88.309966,40.109353],[-88.309966,40.109345],[-88.309967,40.109345],[-88.310858,40.109354],[-88.310906,40.109355],[-88.310911,40.109355],[-88.311137,40.109357],[-88.311267,40.109358],[-88.311303,40.109358],[-88.311647,40.109362],[-88.311748,40.109363],[-88.311796,40.109363],[-88.311863,40.109364],[-88.312361,40.109371],[-88.312361,40.109381],[-88.312362,40.109441],[-88.312362,40.109468],[-88.312371,40.110282],[-88.312372,40.110323],[-88.312372,40.110369],[-88.312373,40.110437],[-88.312373,40.110437],[-88.312374,40.110504],[-88.3124,40.110504],[-88.313084,40.110513],[-88.31372,40.110521],[-88.313733,40.111347],[-88.313738,40.111732],[-88.314323,40.111738],[-88.314395,40.111739],[-88.314395,40.111744],[-88.314401,40.11215],[-88.314401,40.112151],[-88.314389,40.112151],[-88.31433,40.11215],[-88.313457,40.112141],[-88.313047,40.112136],[-88.312043,40.112125],[-88.312042,40.112125],[-88.312042,40.11213],[-88.312055,40.112737],[-88.313083,40.112748],[-88.313454,40.112753],[-88.314339,40.112762],[-88.314262,40.112902],[-88.314198,40.113017],[-88.314164,40.113017],[-88.313433,40.113014],[-88.313083,40.113013],[-88.311931,40.113009],[-88.311225,40.113006],[-88.311224,40.113006],[-88.310655,40.113004],[-88.310239,40.113003],[-88.310239,40.113003],[-88.309735,40.113001],[-88.309735,40.113002],[-88.309737,40.11312],[-88.309738,40.113203],[-88.309739,40.113319],[-88.310883,40.113333],[-88.311119,40.113336],[-88.311825,40.113345],[-88.312176,40.113404],[-88.312314,40.113406],[-88.312546,40.113409],[-88.312547,40.113983],[-88.312547,40.114367],[-88.313287,40.11438],[-88.314391,40.114398],[-88.314396,40.115002],[-88.314396,40.115074],[-88.314397,40.1152],[-88.314402,40.115798],[-88.314403,40.115979],[-88.314403,40.11599],[-88.314407,40.11644],[-88.31441,40.11688],[-88.31441,40.116901],[-88.31441,40.116905],[-88.314411,40.116986],[-88.314536,40.116986],[-88.314732,40.116987],[-88.315398,40.116989],[-88.316207,40.116992],[-88.3169,40.116995],[-88.316898,40.116912],[-88.319238,40.116914],[-88.319212,40.114589],[-88.319212,40.114561],[-88.318211,40.114558],[-88.318153,40.114557],[-88.317917,40.114556],[-88.317882,40.114556],[-88.317768,40.114556],[-88.316952,40.114556],[-88.316917,40.114556],[-88.316897,40.114556],[-88.316862,40.114556],[-88.316856,40.114174],[-88.316854,40.114074],[-88.316844,40.11342],[-88.316844,40.113393],[-88.316844,40.113392],[-88.316842,40.113292],[-88.316842,40.11327],[-88.316842,40.113268],[-88.31684,40.113185],[-88.316839,40.113121],[-88.316473,40.113103],[-88.314897,40.113099],[-88.314838,40.113099],[-88.314839,40.113044],[-88.314687,40.113044],[-88.314687,40.113016],[-88.314504,40.113014],[-88.314502,40.112903],[-88.3145,40.112767],[-88.314682,40.112767],[-88.314842,40.112768],[-88.319194,40.112782],[-88.323901,40.112798],[-88.323901,40.112797],[-88.323859,40.109654],[-88.323835,40.107834],[-88.323836,40.107834],[-88.325311,40.107839],[-88.328538,40.107849],[-88.328538,40.107848],[-88.328514,40.106029],[-88.328515,40.106029],[-88.328944,40.10603],[-88.329543,40.106032],[-88.333038,40.106042],[-88.333146,40.106043],[-88.333218,40.106043],[-88.333219,40.106043],[-88.333219,40.106043],[-88.333222,40.106043],[-88.333303,40.106042],[-88.333303,40.106041],[-88.333257,40.10195],[-88.333252,40.10149],[-88.333242,40.10057],[-88.333237,40.10011],[-88.33323,40.099515],[-88.333222,40.098796],[-88.333222,40.098795],[-88.333222,40.098757],[-88.333221,40.098685],[-88.333218,40.098418],[-88.333211,40.097835],[-88.333211,40.097785],[-88.333209,40.09759],[-88.333207,40.097412],[-88.333197,40.096554],[-88.333181,40.095119],[-88.333084,40.095118],[-88.333024,40.095118],[-88.332905,40.095118],[-88.332816,40.095117],[-88.332341,40.095115],[-88.331735,40.095113],[-88.331715,40.095113],[-88.331696,40.095113],[-88.331267,40.095111],[-88.330854,40.09511],[-88.330478,40.095108],[-88.330412,40.095108],[-88.330168,40.095107],[-88.329791,40.095105],[-88.329738,40.095105],[-88.329725,40.095105],[-88.329523,40.095104],[-88.329469,40.095104],[-88.329376,40.095104],[-88.329363,40.095104],[-88.329092,40.095102],[-88.328761,40.095101],[-88.328678,40.095101],[-88.32843,40.0951],[-88.32838,40.0951],[-88.328372,40.0951],[-88.328369,40.094822],[-88.328368,40.09474],[-88.328365,40.094404],[-88.328362,40.094176],[-88.32836,40.093957],[-88.32836,40.093957],[-88.32836,40.093956],[-88.328357,40.093729],[-88.328357,40.093729],[-88.328357,40.093729],[-88.328355,40.093509],[-88.328355,40.093509],[-88.328355,40.093509],[-88.328352,40.093281],[-88.328352,40.093281],[-88.328352,40.093281],[-88.328349,40.093021],[-88.328349,40.093009],[-88.328349,40.093009],[-88.328349,40.093009],[-88.328347,40.092845],[-88.328347,40.092845],[-88.328347,40.092844],[-88.328347,40.092824],[-88.328344,40.092573],[-88.328341,40.092353],[-88.328339,40.092125],[-88.328336,40.091905],[-88.328334,40.091686],[-88.328331,40.091463],[-88.328332,40.091463],[-88.328342,40.091463],[-88.328759,40.091464],[-88.328972,40.091465],[-88.329275,40.091466],[-88.329508,40.091466],[-88.32974,40.091467],[-88.329972,40.091468],[-88.330205,40.091469],[-88.330437,40.09147],[-88.330669,40.09147],[-88.330901,40.091471],[-88.330937,40.091471],[-88.331171,40.091472],[-88.331404,40.091473],[-88.331637,40.091474],[-88.331853,40.091474],[-88.332127,40.091475],[-88.332138,40.091475],[-88.332683,40.091477],[-88.332694,40.091477],[-88.332739,40.091477],[-88.33275,40.091477],[-88.332857,40.091478],[-88.332983,40.091478],[-88.333043,40.091478],[-88.333045,40.091478],[-88.33314,40.091477],[-88.33314,40.091476],[-88.333133,40.090859],[-88.333101,40.087961],[-88.333101,40.087953],[-88.333074,40.085602],[-88.333074,40.085601],[-88.33307,40.085268],[-88.333059,40.084243],[-88.333058,40.084191],[-88.333058,40.084106],[-88.333029,40.080985],[-88.335351,40.080972],[-88.335344,40.080204],[-88.334283,40.08021],[-88.333022,40.080216],[-88.332932,40.080217],[-88.332865,40.080217],[-88.332866,40.080296],[-88.332784,40.080296],[-88.332786,40.080571],[-88.332774,40.080571],[-88.332774,40.080571],[-88.332774,40.080571],[-88.332773,40.080571],[-88.332429,40.080569],[-88.332416,40.080569],[-88.332408,40.080569],[-88.33237,40.080569],[-88.332363,40.080569],[-88.331172,40.080564],[-88.33116,40.080564],[-88.330585,40.080562],[-88.330572,40.080562],[-88.328236,40.080553],[-88.328235,40.080553],[-88.323517,40.080534],[-88.323513,40.080161],[-88.323508,40.079755],[-88.323483,40.077694],[-88.323475,40.07707],[-88.323473,40.076887],[-88.32347,40.076591],[-88.323465,40.076216],[-88.323464,40.076099],[-88.323461,40.075917],[-88.323429,40.073249],[-88.323397,40.070575],[-88.323386,40.069683],[-88.323387,40.069683],[-88.325487,40.069696],[-88.3255,40.069696],[-88.326104,40.0697],[-88.326117,40.0697],[-88.328098,40.069712],[-88.32811,40.069712],[-88.32811,40.069712],[-88.32811,40.069712],[-88.32811,40.06964],[-88.328109,40.069575],[-88.328078,40.066012],[-88.323354,40.065974],[-88.323338,40.064155],[-88.323326,40.064155],[-88.316418,40.064105],[-88.314048,40.064088],[-88.314035,40.064088],[-88.314005,40.064088],[-88.313883,40.064087],[-88.31387,40.064087],[-88.313762,40.064086],[-88.313727,40.064085],[-88.313726,40.064085],[-88.313744,40.065897],[-88.31375,40.066569],[-88.313752,40.066816],[-88.313753,40.066851],[-88.313773,40.068993],[-88.313776,40.069311],[-88.313585,40.069306],[-88.308941,40.069162],[-88.307156,40.069026],[-88.306891,40.068818],[-88.306527,40.068037],[-88.304905,40.066812],[-88.304494,40.066238],[-88.304494,40.065818],[-88.303218,40.065807],[-88.303201,40.06612],[-88.302887,40.066809],[-88.302658,40.066983],[-88.3019,40.066978],[-88.295144,40.066925],[-88.295026,40.066924],[-88.294913,40.066923],[-88.294914,40.067034],[-88.294918,40.067352],[-88.294921,40.067715],[-88.294922,40.067771],[-88.294924,40.067993],[-88.294926,40.068108],[-88.294927,40.068218],[-88.294929,40.068465],[-88.294932,40.068722],[-88.29488,40.068722],[-88.294881,40.068804],[-88.294883,40.069108],[-88.294688,40.069261],[-88.294687,40.069262],[-88.294468,40.06926],[-88.29445,40.06926],[-88.294432,40.06926],[-88.294408,40.06926],[-88.294091,40.069257],[-88.29409,40.069257],[-88.294091,40.069286],[-88.293666,40.069282],[-88.29356,40.069281],[-88.29356,40.069281],[-88.293475,40.069281],[-88.293242,40.069279],[-88.292817,40.069275],[-88.292702,40.069275],[-88.292596,40.069273],[-88.292545,40.069272],[-88.29249,40.069271],[-88.292383,40.06927],[-88.292319,40.069268],[-88.292263,40.069267],[-88.292169,40.069265],[-88.292064,40.069262],[-88.291959,40.069259],[-88.291854,40.069255],[-88.291749,40.069251],[-88.291662,40.069247],[-88.291554,40.069242],[-88.2915,40.06924],[-88.291416,40.069236],[-88.29141,40.069236],[-88.29132,40.069232],[-88.291213,40.069229],[-88.291105,40.069226],[-88.290998,40.069223],[-88.2909,40.069222],[-88.290891,40.069221],[-88.290788,40.069219],[-88.290686,40.069217],[-88.290583,40.069215],[-88.290481,40.069213],[-88.290378,40.069212],[-88.290325,40.069212],[-88.290318,40.069211],[-88.290231,40.069211],[-88.290193,40.06921],[-88.290168,40.06921],[-88.290098,40.06921],[-88.290075,40.06921],[-88.290028,40.06921],[-88.289982,40.069209],[-88.289959,40.06921],[-88.289889,40.06921],[-88.289816,40.06921],[-88.289779,40.06921],[-88.289742,40.06921],[-88.289668,40.069211],[-88.289595,40.069212],[-88.289558,40.069212],[-88.289521,40.069213],[-88.289448,40.069214],[-88.289373,40.069216],[-88.289348,40.069216],[-88.28934,40.069216],[-88.289297,40.069217],[-88.289247,40.069218],[-88.289233,40.069219],[-88.289222,40.069219],[-88.289147,40.069221],[-88.289147,40.069256],[-88.289147,40.069258],[-88.289147,40.069336],[-88.288939,40.069334],[-88.288911,40.069334],[-88.287091,40.069317],[-88.286376,40.069311],[-88.285591,40.069304],[-88.285591,40.069216],[-88.28559,40.069202],[-88.285585,40.06848],[-88.281265,40.068426],[-88.281271,40.068178],[-88.280458,40.068167],[-88.280458,40.068166],[-88.280458,40.068059],[-88.280458,40.068017],[-88.280449,40.065898],[-88.279317,40.065883],[-88.276351,40.065846],[-88.276308,40.065845],[-88.276175,40.065844],[-88.276173,40.065557],[-88.276169,40.064743],[-88.276166,40.064208],[-88.276154,40.061917],[-88.276154,40.061917],[-88.276121,40.061917],[-88.276086,40.061916],[-88.276085,40.061916],[-88.276066,40.061916],[-88.276101,40.066493],[-88.276097,40.069126],[-88.276099,40.069195],[-88.276107,40.069264],[-88.276122,40.069332],[-88.276135,40.069399],[-88.276144,40.069466],[-88.27615,40.069534],[-88.276153,40.069826],[-88.276192,40.072891]],[[-88.312474,40.083469],[-88.312482,40.08291],[-88.312483,40.08291],[-88.313871,40.08291],[-88.313883,40.08291],[-88.313919,40.08291],[-88.313924,40.08291],[-88.313937,40.08291],[-88.313943,40.083424],[-88.313949,40.083904],[-88.313949,40.083921],[-88.313951,40.084071],[-88.313959,40.08413],[-88.31397,40.084208],[-88.314126,40.084206],[-88.314488,40.084202],[-88.315216,40.084204],[-88.315216,40.084224],[-88.315216,40.084246],[-88.315216,40.08426],[-88.315219,40.084505],[-88.315222,40.08471],[-88.315222,40.08471],[-88.315178,40.08471],[-88.314986,40.084709],[-88.314698,40.084708],[-88.314409,40.084707],[-88.314281,40.084706],[-88.314281,40.084706],[-88.314131,40.084706],[-88.313977,40.084704],[-88.313977,40.084735],[-88.313981,40.085074],[-88.313982,40.085102],[-88.313986,40.085456],[-88.313991,40.085843],[-88.313992,40.08587],[-88.313994,40.086035],[-88.313997,40.086252],[-88.313997,40.086291],[-88.313998,40.086329],[-88.313999,40.086418],[-88.314017,40.086418],[-88.314017,40.086486],[-88.314017,40.086488],[-88.314018,40.086535],[-88.31402,40.086718],[-88.314021,40.086776],[-88.314025,40.087033],[-88.314027,40.087208],[-88.314027,40.087208],[-88.314027,40.087229],[-88.314027,40.08725],[-88.314027,40.087253],[-88.314027,40.087254],[-88.314027,40.087256],[-88.314027,40.087257],[-88.314027,40.087258],[-88.314027,40.08726],[-88.314026,40.087262],[-88.314026,40.087263],[-88.314026,40.087264],[-88.314026,40.087265],[-88.314026,40.087265],[-88.314026,40.087267],[-88.314026,40.087267],[-88.314025,40.08727],[-88.314025,40.087271],[-88.314025,40.087272],[-88.314024,40.087274],[-88.314024,40.087275],[-88.314023,40.087277],[-88.314022,40.087279],[-88.314022,40.087287],[-88.314023,40.087302],[-88.314024,40.087612],[-88.314025,40.087613],[-88.314025,40.087614],[-88.314026,40.087616],[-88.314027,40.087619],[-88.314027,40.08762],[-88.314028,40.08762],[-88.314028,40.087621],[-88.314028,40.087621],[-88.314028,40.087622],[-88.314028,40.087622],[-88.314028,40.087623],[-88.314029,40.087623],[-88.31403,40.087627],[-88.31403,40.087627],[-88.31403,40.087627],[-88.31403,40.087627],[-88.31403,40.087628],[-88.31403,40.087629],[-88.314031,40.087632],[-88.314031,40.087633],[-88.314031,40.087635],[-88.314032,40.087637],[-88.314032,40.08764],[-88.314032,40.08764],[-88.314032,40.087641],[-88.314032,40.087642],[-88.314032,40.087643],[-88.314032,40.087644],[-88.314032,40.087647],[-88.314032,40.087647],[-88.314032,40.087647],[-88.314033,40.087685],[-88.314037,40.088031],[-88.314041,40.088303],[-88.314044,40.088574],[-88.314044,40.088575],[-88.314009,40.088578],[-88.314008,40.088578],[-88.314011,40.088743],[-88.314012,40.088831],[-88.314014,40.088969],[-88.314015,40.089051],[-88.314022,40.08962],[-88.314029,40.090137],[-88.314032,40.090409],[-88.314032,40.090436],[-88.314035,40.090601],[-88.314035,40.090628],[-88.314036,40.090692],[-88.314077,40.090692],[-88.314185,40.090693],[-88.314198,40.090693],[-88.314291,40.090693],[-88.314357,40.090694],[-88.314592,40.090695],[-88.315376,40.090698],[-88.315377,40.090804],[-88.315378,40.090913],[-88.31538,40.091078],[-88.315384,40.091428],[-88.315384,40.091429],[-88.314492,40.091427],[-88.314367,40.091427],[-88.314354,40.091427],[-88.314299,40.091427],[-88.314206,40.091426],[-88.314046,40.091424],[-88.314045,40.091424],[-88.314045,40.091425],[-88.31405,40.091834],[-88.314055,40.092168],[-88.314068,40.093176],[-88.314068,40.093204],[-88.314072,40.093494],[-88.314073,40.093625],[-88.314074,40.093648],[-88.314079,40.094036],[-88.314083,40.094385],[-88.314084,40.094444],[-88.314085,40.09456],[-88.314086,40.094563],[-88.314088,40.094724],[-88.314088,40.09473],[-88.314094,40.095191],[-88.314094,40.095246],[-88.314098,40.095558],[-88.314103,40.095901],[-88.314106,40.096121],[-88.314113,40.096739],[-88.314115,40.096876],[-88.314133,40.096876],[-88.314134,40.096965],[-88.314139,40.097322],[-88.314129,40.097504],[-88.31411,40.097877],[-88.314117,40.098426],[-88.313945,40.098558],[-88.313944,40.098558],[-88.314,40.098671],[-88.314014,40.098699],[-88.314075,40.098824],[-88.314125,40.098864],[-88.314145,40.098881],[-88.314145,40.098881],[-88.314145,40.098881],[-88.314306,40.098877],[-88.314393,40.098875],[-88.314446,40.098873],[-88.314446,40.098873],[-88.314446,40.098873],[-88.314446,40.098867],[-88.314446,40.098865],[-88.314446,40.098862],[-88.314447,40.098858],[-88.314447,40.098857],[-88.314447,40.098855],[-88.314447,40.098854],[-88.314448,40.098852],[-88.314448,40.098851],[-88.314449,40.098847],[-88.31445,40.098844],[-88.31445,40.098842],[-88.314452,40.098837],[-88.314453,40.098835],[-88.314454,40.098833],[-88.314456,40.098829],[-88.314458,40.098825],[-88.314459,40.098823],[-88.314459,40.098823],[-88.314461,40.098821],[-88.314462,40.098818],[-88.314464,40.098816],[-88.314466,40.098813],[-88.314468,40.09881],[-88.314468,40.09881],[-88.314469,40.09881],[-88.314469,40.09881],[-88.314472,40.098806],[-88.314474,40.098803],[-88.314476,40.098801],[-88.31448,40.098797],[-88.314484,40.098794],[-88.314485,40.098794],[-88.314486,40.098792],[-88.314487,40.098791],[-88.314488,40.098791],[-88.314489,40.09879],[-88.31449,40.098789],[-88.314491,40.098788],[-88.314493,40.098787],[-88.314494,40.098786],[-88.314495,40.098786],[-88.314499,40.098783],[-88.314502,40.098781],[-88.314504,40.09878],[-88.314507,40.098778],[-88.31451,40.098777],[-88.314512,40.098775],[-88.314515,40.098774],[-88.314518,40.098772],[-88.314521,40.098771],[-88.314524,40.09877],[-88.314527,40.098769],[-88.31453,40.098767],[-88.314533,40.098766],[-88.314539,40.098764],[-88.314542,40.098763],[-88.314545,40.098762],[-88.31455,40.098761],[-88.314551,40.098761],[-88.314553,40.09876],[-88.314555,40.09876],[-88.314558,40.098759],[-88.31456,40.098759],[-88.314564,40.098758],[-88.314569,40.098757],[-88.314571,40.098757],[-88.314574,40.098757],[-88.314576,40.098756],[-88.314577,40.098756],[-88.314578,40.098756],[-88.314584,40.098756],[-88.314588,40.098755],[-88.314591,40.098755],[-88.314597,40.098755],[-88.314637,40.098755],[-88.315912,40.098758],[-88.31684,40.09876],[-88.317665,40.098762],[-88.319746,40.098767],[-88.323009,40.098774],[-88.323543,40.098775],[-88.323545,40.098775],[-88.323557,40.098775],[-88.3237,40.098776],[-88.323713,40.098776],[-88.323713,40.098785],[-88.323714,40.098838],[-88.323716,40.098948],[-88.32374,40.100751],[-88.323774,40.103277],[-88.323777,40.103544],[-88.323779,40.103678],[-88.323785,40.104148],[-88.323795,40.104853],[-88.323798,40.105089],[-88.3238,40.105275],[-88.3238,40.105278],[-88.32381,40.106014],[-88.32381,40.106015],[-88.319104,40.106],[-88.319103,40.106],[-88.319152,40.109639],[-88.319152,40.10964],[-88.319113,40.10964],[-88.318171,40.109637],[-88.314629,40.109626],[-88.314629,40.109611],[-88.314618,40.108983],[-88.314604,40.108153],[-88.314587,40.107197],[-88.314567,40.105986],[-88.314505,40.102344],[-88.314447,40.102344],[-88.31435,40.102343],[-88.314189,40.102341],[-88.313674,40.102335],[-88.313347,40.102331],[-88.313063,40.102328],[-88.312778,40.102324],[-88.312494,40.102321],[-88.312209,40.102317],[-88.311924,40.102314],[-88.311635,40.10231],[-88.311346,40.102306],[-88.311133,40.102303],[-88.311057,40.102302],[-88.310768,40.102298],[-88.310725,40.102297],[-88.310479,40.102294],[-88.310346,40.102292],[-88.310189,40.10229],[-88.3099,40.102286],[-88.309616,40.102282],[-88.309611,40.102008],[-88.309601,40.101843],[-88.309598,40.101583],[-88.309598,40.10156],[-88.309595,40.101364],[-88.309595,40.101332],[-88.309595,40.101315],[-88.309593,40.101144],[-88.309592,40.101105],[-88.30959,40.100924],[-88.30959,40.100893],[-88.30959,40.100877],[-88.309588,40.100705],[-88.309587,40.10065],[-88.309585,40.100485],[-88.309584,40.100422],[-88.309582,40.100265],[-88.309581,40.100195],[-88.30958,40.100056],[-88.30958,40.100046],[-88.309578,40.099913],[-88.309577,40.099826],[-88.309576,40.099733],[-88.309573,40.099538],[-88.309573,40.09947],[-88.309571,40.099299],[-88.309567,40.099028],[-88.309566,40.09888],[-88.309564,40.09877],[-88.309565,40.09877],[-88.309957,40.098775],[-88.310475,40.098781],[-88.310723,40.098784],[-88.310886,40.098786],[-88.311172,40.098789],[-88.311458,40.098792],[-88.311797,40.098796],[-88.311926,40.098798],[-88.312012,40.098799],[-88.312011,40.098798],[-88.311968,40.098675],[-88.311928,40.098562],[-88.311928,40.098549],[-88.311928,40.098439],[-88.311929,40.096878],[-88.311929,40.096851],[-88.311662,40.096851],[-88.311306,40.096851],[-88.310951,40.096851],[-88.310595,40.096851],[-88.31024,40.096851],[-88.309884,40.096851],[-88.309558,40.096851],[-88.309557,40.096851],[-88.309557,40.096851],[-88.309557,40.096851],[-88.309557,40.097039],[-88.309557,40.097272],[-88.309557,40.097519],[-88.309557,40.097794],[-88.309557,40.097807],[-88.309557,40.097834],[-88.309557,40.098082],[-88.309557,40.098411],[-88.309557,40.098411],[-88.309521,40.098411],[-88.309217,40.098407],[-88.308645,40.098401],[-88.30838,40.098397],[-88.308362,40.098397],[-88.307986,40.098393],[-88.307933,40.098392],[-88.307933,40.098373],[-88.307933,40.098365],[-88.307933,40.098361],[-88.307933,40.098354],[-88.307933,40.098337],[-88.307933,40.098335],[-88.307932,40.09833],[-88.307932,40.098316],[-88.307932,40.09831],[-88.307932,40.09831],[-88.307932,40.098309],[-88.307931,40.098299],[-88.307931,40.098297],[-88.30793,40.098282],[-88.30793,40.098278],[-88.307929,40.098269],[-88.307929,40.098259],[-88.307928,40.098255],[-88.307927,40.09824],[-88.307927,40.098238],[-88.307926,40.098227],[-88.307926,40.098227],[-88.307926,40.098227],[-88.307925,40.098221],[-88.307924,40.098207],[-88.307923,40.098202],[-88.307923,40.0982],[-88.307921,40.098183],[-88.30792,40.098176],[-88.307919,40.098173],[-88.307918,40.098164],[-88.307915,40.098146],[-88.307912,40.098126],[-88.307911,40.09812],[-88.30791,40.098116],[-88.307908,40.098107],[-88.307906,40.098094],[-88.307905,40.098087],[-88.307901,40.098068],[-88.307898,40.098058],[-88.307896,40.098048],[-88.307895,40.098042],[-88.307891,40.098029],[-88.307888,40.098016],[-88.307886,40.09801],[-88.307884,40.098],[-88.307881,40.09799],[-88.307876,40.097971],[-88.307874,40.097965],[-88.30787,40.097952],[-88.307867,40.097942],[-88.307866,40.097939],[-88.307864,40.097933],[-88.307858,40.097914],[-88.307851,40.097895],[-88.307849,40.097889],[-88.307848,40.097886],[-88.307844,40.097876],[-88.30784,40.097864],[-88.307838,40.097859],[-88.307837,40.097856],[-88.30783,40.097839],[-88.307829,40.097837],[-88.307827,40.097833],[-88.307827,40.097831],[-88.307826,40.097829],[-88.307821,40.097819],[-88.30782,40.097815],[-88.307815,40.097804],[-88.307813,40.0978],[-88.307809,40.09779],[-88.307805,40.097781],[-88.307803,40.097777],[-88.307798,40.097766],[-88.307797,40.097762],[-88.307791,40.097751],[-88.307791,40.09775],[-88.30779,40.097748],[-88.307788,40.097744],[-88.307787,40.097742],[-88.307779,40.097725],[-88.307777,40.097723],[-88.307775,40.097718],[-88.307769,40.097706],[-88.307764,40.097696],[-88.307762,40.097694],[-88.307759,40.097688],[-88.30775,40.09767],[-88.307674,40.097548],[-88.307657,40.097521],[-88.307356,40.097105],[-88.307276,40.097131],[-88.307158,40.09717],[-88.307092,40.097192],[-88.306757,40.097304],[-88.306749,40.097307],[-88.30645,40.09741],[-88.306344,40.097447],[-88.306251,40.097479],[-88.305985,40.09757],[-88.30549,40.097649],[-88.305265,40.09772],[-88.305263,40.09772],[-88.304805,40.097723],[-88.304592,40.097725],[-88.3044,40.097726],[-88.304371,40.097726],[-88.30437,40.097726],[-88.304371,40.097806],[-88.304371,40.097873],[-88.304372,40.09788],[-88.304373,40.098035],[-88.304376,40.098298],[-88.304377,40.098373],[-88.304374,40.098584],[-88.30437,40.098813],[-88.30438,40.099565],[-88.30438,40.099595],[-88.30439,40.100358],[-88.304405,40.101538],[-88.304405,40.101559],[-88.304414,40.102221],[-88.304423,40.10294],[-88.304461,40.10585],[-88.304461,40.105851],[-88.304361,40.10585],[-88.304281,40.105849],[-88.304281,40.105849],[-88.304281,40.105849],[-88.304261,40.105876],[-88.304129,40.106061],[-88.304112,40.106085],[-88.304111,40.106085],[-88.304106,40.106083],[-88.304106,40.106083],[-88.304102,40.106082],[-88.304102,40.106082],[-88.3041,40.106081],[-88.304094,40.106079],[-88.304093,40.106079],[-88.304092,40.106078],[-88.304087,40.106077],[-88.304084,40.106076],[-88.304084,40.106076],[-88.304084,40.106076],[-88.304084,40.106076],[-88.304083,40.106076],[-88.304081,40.106075],[-88.304081,40.106075],[-88.30408,40.106075],[-88.304075,40.106074],[-88.304074,40.106074],[-88.304071,40.106073],[-88.30407,40.106073],[-88.304069,40.106072],[-88.304065,40.106072],[-88.304062,40.106071],[-88.30406,40.106071],[-88.304059,40.106071],[-88.304056,40.10607],[-88.304055,40.10607],[-88.304055,40.10607],[-88.304054,40.10607],[-88.304049,40.106069],[-88.304047,40.106069],[-88.304045,40.106069],[-88.304044,40.106069],[-88.304037,40.106068],[-88.304035,40.106068],[-88.304033,40.106068],[-88.30403,40.106068],[-88.304025,40.106068],[-88.304024,40.106068],[-88.304024,40.106068],[-88.304023,40.106068],[-88.304022,40.106068],[-88.30402,40.106068],[-88.304016,40.106068],[-88.304015,40.106068],[-88.304012,40.106068],[-88.304011,40.106069],[-88.304009,40.106069],[-88.304005,40.106069],[-88.304002,40.106069],[-88.304001,40.106069],[-88.303995,40.10607],[-88.303995,40.10607],[-88.303994,40.10607],[-88.303994,40.10607],[-88.303994,40.10607],[-88.303994,40.10607],[-88.303994,40.10607],[-88.303993,40.10607],[-88.303992,40.10607],[-88.30399,40.106071],[-88.303988,40.106071],[-88.303985,40.106071],[-88.303981,40.106072],[-88.303979,40.106073],[-88.303976,40.106073],[-88.303974,40.106074],[-88.303969,40.106075],[-88.303967,40.106075],[-88.303966,40.106076],[-88.303965,40.106076],[-88.303964,40.106076],[-88.303961,40.106077],[-88.303959,40.106078],[-88.303957,40.106078],[-88.303954,40.106079],[-88.303949,40.106081],[-88.303948,40.106081],[-88.303941,40.106084],[-88.303939,40.106085],[-88.303939,40.106085],[-88.303937,40.106086],[-88.303936,40.106086],[-88.303935,40.106086],[-88.30393,40.106089],[-88.303929,40.106089],[-88.303929,40.106089],[-88.303923,40.106092],[-88.303922,40.106093],[-88.30392,40.106094],[-88.303919,40.106094],[-88.303917,40.106095],[-88.303914,40.106098],[-88.303914,40.106098],[-88.303912,40.106099],[-88.303912,40.106099],[-88.303912,40.106099],[-88.303909,40.106101],[-88.303907,40.106102],[-88.303906,40.106103],[-88.303905,40.106103],[-88.303903,40.106105],[-88.303899,40.106108],[-88.303898,40.106108],[-88.303898,40.106108],[-88.303894,40.106112],[-88.303892,40.106113],[-88.303892,40.106113],[-88.30389,40.106115],[-88.303886,40.106119],[-88.303885,40.106119],[-88.303885,40.106119],[-88.303884,40.106119],[-88.303877,40.106119],[-88.303838,40.106119],[-88.303839,40.106091],[-88.303849,40.10587],[-88.30385,40.105843],[-88.30358,40.105839],[-88.303311,40.105836],[-88.303042,40.105832],[-88.302772,40.105828],[-88.302503,40.105825],[-88.302232,40.105821],[-88.302216,40.105821],[-88.302001,40.105818],[-88.30172,40.105814],[-88.301438,40.10581],[-88.301164,40.105806],[-88.300889,40.105803],[-88.300622,40.105799],[-88.300355,40.105795],[-88.300088,40.105792],[-88.29982,40.105788],[-88.299557,40.105784],[-88.299289,40.105781],[-88.299022,40.105777],[-88.298741,40.105773],[-88.298526,40.10577],[-88.298259,40.105767],[-88.298013,40.105763],[-88.297774,40.10576],[-88.297536,40.105757],[-88.297335,40.105754],[-88.29704,40.10575],[-88.296746,40.105746],[-88.296524,40.105743],[-88.296292,40.10574],[-88.296054,40.105737],[-88.295815,40.105733],[-88.295494,40.105729],[-88.295476,40.105729],[-88.29545,40.105728],[-88.29545,40.105728],[-88.29545,40.105728],[-88.295417,40.104558],[-88.295409,40.103427],[-88.2954,40.102233],[-88.295399,40.102165],[-88.295398,40.102001],[-88.295396,40.101725],[-88.295395,40.101546],[-88.295291,40.101546],[-88.295134,40.101546],[-88.294798,40.101544],[-88.29478,40.101544],[-88.294778,40.101366],[-88.294795,40.101366],[-88.295132,40.101368],[-88.295289,40.101369],[-88.295393,40.101369],[-88.295392,40.101191],[-88.295391,40.101013],[-88.295381,40.099686],[-88.295381,40.099681],[-88.29538,40.099594],[-88.295385,40.098798],[-88.295385,40.098718],[-88.295387,40.098475],[-88.295388,40.098309],[-88.295388,40.09826],[-88.295386,40.098252],[-88.295386,40.098251],[-88.295384,40.098245],[-88.295384,40.098243],[-88.295383,40.098242],[-88.295383,40.098239],[-88.295382,40.098234],[-88.295381,40.098233],[-88.295381,40.09823],[-88.29538,40.098225],[-88.295379,40.09822],[-88.295379,40.098217],[-88.295378,40.098216],[-88.295378,40.098211],[-88.295378,40.098208],[-88.295377,40.098207],[-88.295377,40.098204],[-88.295377,40.098202],[-88.295376,40.098198],[-88.295376,40.098198],[-88.295376,40.098193],[-88.295376,40.098191],[-88.295376,40.098191],[-88.295376,40.098189],[-88.295376,40.098184],[-88.295375,40.09818],[-88.295375,40.09818],[-88.295375,40.09818],[-88.295375,40.098178],[-88.295375,40.098176],[-88.295375,40.098176],[-88.295375,40.098174],[-88.295375,40.098171],[-88.295375,40.098165],[-88.295375,40.098162],[-88.295364,40.098162],[-88.295364,40.098142],[-88.295363,40.098073],[-88.295362,40.097708],[-88.295355,40.09617],[-88.295354,40.096107],[-88.295352,40.095515],[-88.295344,40.093734],[-88.295342,40.093465],[-88.295341,40.093226],[-88.29534,40.092881],[-88.29534,40.092875],[-88.295338,40.092568],[-88.295336,40.09214],[-88.295336,40.092137],[-88.295332,40.091214],[-88.295332,40.091089],[-88.295355,40.091088],[-88.295354,40.091069],[-88.295354,40.091033],[-88.295353,40.090758],[-88.295349,40.090115],[-88.295344,40.089305],[-88.295341,40.088764],[-88.29534,40.088604],[-88.29534,40.08859],[-88.295337,40.08815],[-88.295333,40.087395],[-88.295332,40.087247],[-88.295332,40.08724],[-88.295332,40.087236],[-88.295332,40.087145],[-88.295332,40.086969],[-88.295332,40.086969],[-88.295332,40.086969],[-88.295332,40.086969],[-88.295332,40.086968],[-88.295332,40.086964],[-88.295332,40.086963],[-88.295332,40.086961],[-88.295332,40.086961],[-88.295332,40.086961],[-88.295332,40.08696],[-88.295332,40.086958],[-88.295332,40.086956],[-88.295332,40.086954],[-88.295332,40.086953],[-88.295336,40.08673],[-88.295339,40.086531],[-88.295339,40.08652],[-88.295337,40.086163],[-88.295337,40.08616],[-88.295337,40.086158],[-88.295337,40.086147],[-88.295337,40.086133],[-88.295337,40.086073],[-88.295337,40.08602],[-88.295337,40.085994],[-88.295335,40.085661],[-88.295335,40.085647],[-88.295334,40.08529],[-88.295334,40.085194],[-88.295333,40.08518],[-88.295334,40.08518],[-88.295339,40.08518],[-88.295351,40.08518],[-88.295468,40.08518],[-88.295481,40.08518],[-88.295497,40.08518],[-88.2959,40.08518],[-88.295913,40.08518],[-88.295979,40.08518],[-88.295992,40.08518],[-88.296319,40.08518],[-88.296331,40.08518],[-88.29644,40.08518],[-88.296453,40.08518],[-88.296658,40.08518],[-88.296671,40.08518],[-88.296998,40.085179],[-88.29701,40.085179],[-88.297024,40.085179],[-88.297037,40.085179],[-88.297343,40.085179],[-88.297356,40.085179],[-88.297558,40.085179],[-88.29757,40.085179],[-88.297927,40.085183],[-88.298218,40.085185],[-88.298231,40.085185],[-88.298448,40.08509],[-88.298727,40.084967],[-88.298727,40.084967],[-88.298727,40.084967],[-88.298727,40.084898],[-88.29873,40.084109],[-88.29873,40.084095],[-88.298731,40.084095],[-88.298748,40.084096],[-88.29876,40.084096],[-88.299438,40.084103],[-88.299823,40.084107],[-88.299841,40.084107],[-88.30038,40.084112],[-88.300489,40.084113],[-88.300489,40.084141],[-88.300594,40.084142],[-88.301111,40.084147],[-88.301433,40.08415],[-88.301433,40.08415],[-88.301434,40.084113],[-88.301434,40.084098],[-88.301434,40.084082],[-88.301435,40.084082],[-88.30147,40.084084],[-88.30155,40.084087],[-88.301795,40.084099],[-88.3041,40.084207],[-88.304157,40.084208],[-88.304653,40.084217],[-88.305166,40.084226],[-88.306914,40.08419],[-88.306952,40.08419],[-88.307172,40.084185],[-88.307365,40.084181],[-88.30741,40.08418],[-88.30741,40.084185],[-88.307508,40.084186],[-88.307928,40.08419],[-88.307946,40.08419],[-88.30816,40.084193],[-88.308178,40.084193],[-88.308626,40.084197],[-88.308644,40.084197],[-88.309044,40.084201],[-88.309483,40.084206],[-88.309502,40.084206],[-88.309566,40.084206],[-88.310248,40.084213],[-88.31068,40.084217],[-88.310716,40.084218],[-88.310935,40.08422],[-88.311055,40.084221],[-88.311056,40.084221],[-88.31139,40.084224],[-88.311479,40.084225],[-88.311692,40.084227],[-88.311747,40.084228],[-88.312105,40.084231],[-88.312444,40.084235],[-88.312462,40.084235],[-88.312462,40.084234],[-88.312462,40.084194],[-88.312464,40.084117],[-88.312464,40.084115],[-88.312464,40.084072],[-88.312465,40.084056],[-88.312465,40.084021],[-88.312465,40.084001],[-88.312466,40.08396],[-88.312474,40.083469]],[[-88.28097,40.076491],[-88.282872,40.07652],[-88.283867,40.076534],[-88.283961,40.076536],[-88.284168,40.076539],[-88.284325,40.076541],[-88.284501,40.076544],[-88.284996,40.076551],[-88.28521,40.076554],[-88.285687,40.076561],[-88.28574,40.076562],[-88.286105,40.076566],[-88.286389,40.07657],[-88.286674,40.076573],[-88.286936,40.076576],[-88.286941,40.076907],[-88.286943,40.076995],[-88.286944,40.077072],[-88.286949,40.077365],[-88.286952,40.077583],[-88.286956,40.077802],[-88.286959,40.078021],[-88.286963,40.07824],[-88.286966,40.078448],[-88.286967,40.078468],[-88.286968,40.07852],[-88.286971,40.078729],[-88.286976,40.079018],[-88.286976,40.079055],[-88.286982,40.079372],[-88.286982,40.079394],[-88.286982,40.079412],[-88.286989,40.079837],[-88.287302,40.079839],[-88.287475,40.07984],[-88.287488,40.07984],[-88.287539,40.079841],[-88.287552,40.079841],[-88.2879,40.079843],[-88.287913,40.079843],[-88.288323,40.079846],[-88.288336,40.079846],[-88.288537,40.079847],[-88.28855,40.079847],[-88.288663,40.079849],[-88.288924,40.079854],[-88.288927,40.079855],[-88.288945,40.079855],[-88.289211,40.07986],[-88.289393,40.079864],[-88.289498,40.079866],[-88.289785,40.079872],[-88.290032,40.079877],[-88.290072,40.079877],[-88.290385,40.079884],[-88.290444,40.079885],[-88.290646,40.079886],[-88.290659,40.079886],[-88.290682,40.079886],[-88.290694,40.079886],[-88.291045,40.079887],[-88.291058,40.079887],[-88.291059,40.079949],[-88.291059,40.079983],[-88.29106,40.080105],[-88.291062,40.080213],[-88.291063,40.08033],[-88.291064,40.080444],[-88.291065,40.080559],[-88.291066,40.080691],[-88.291066,40.080695],[-88.291067,40.080784],[-88.291069,40.080921],[-88.291069,40.081005],[-88.291071,40.081152],[-88.29108,40.081152],[-88.291469,40.081152],[-88.291482,40.081152],[-88.291482,40.081151],[-88.291481,40.081076],[-88.291482,40.081076],[-88.291683,40.081076],[-88.291696,40.081076],[-88.291696,40.081075],[-88.291695,40.081048],[-88.291696,40.081048],[-88.29211,40.081048],[-88.292123,40.081048],[-88.292124,40.081047],[-88.29216,40.081015],[-88.292158,40.080815],[-88.292155,40.080581],[-88.292153,40.080348],[-88.292151,40.080115],[-88.292147,40.079892],[-88.292147,40.079887],[-88.292147,40.079883],[-88.292136,40.079618],[-88.292098,40.079347],[-88.292014,40.079128],[-88.292009,40.079114],[-88.292006,40.079101],[-88.291961,40.078911],[-88.29196,40.078718],[-88.29196,40.078704],[-88.291963,40.07869],[-88.292012,40.078484],[-88.292107,40.078277],[-88.292162,40.07812],[-88.2922,40.078011],[-88.292226,40.077939],[-88.292238,40.077905],[-88.292243,40.077891],[-88.292244,40.077891],[-88.292261,40.077885],[-88.292439,40.077825],[-88.292685,40.077743],[-88.292768,40.077732],[-88.292773,40.077731],[-88.292778,40.077731],[-88.292785,40.07773],[-88.292791,40.077729],[-88.292796,40.07775],[-88.292817,40.077829],[-88.292955,40.078084],[-88.293172,40.078306],[-88.293368,40.078467],[-88.293453,40.078609],[-88.293449,40.07877],[-88.293354,40.078913],[-88.293141,40.079137],[-88.29299,40.079466],[-88.292984,40.079479],[-88.292983,40.079493],[-88.292951,40.079809],[-88.292952,40.07989],[-88.292952,40.079895],[-88.292954,40.080038],[-88.292956,40.080271],[-88.292958,40.080414],[-88.292959,40.080504],[-88.292927,40.080655],[-88.292911,40.080727],[-88.293282,40.080733],[-88.293304,40.080734],[-88.293317,40.080734],[-88.293321,40.080734],[-88.293343,40.080734],[-88.293376,40.080735],[-88.293375,40.080736],[-88.293375,40.080738],[-88.293373,40.080741],[-88.293373,40.080741],[-88.293373,40.080742],[-88.293372,40.080743],[-88.293372,40.080744],[-88.293372,40.080745],[-88.293371,40.080747],[-88.29337,40.080748],[-88.29337,40.080748],[-88.29337,40.080749],[-88.29337,40.080749],[-88.293369,40.08075],[-88.293369,40.080752],[-88.293367,40.080755],[-88.293365,40.080761],[-88.293364,40.080761],[-88.293364,40.080762],[-88.293361,40.080769],[-88.293361,40.080769],[-88.29336,40.080769],[-88.293357,40.080775],[-88.293357,40.080776],[-88.293357,40.080777],[-88.293355,40.080781],[-88.293353,40.080784],[-88.293349,40.080791],[-88.293349,40.080791],[-88.293349,40.080792],[-88.293348,40.080794],[-88.293347,40.080796],[-88.293346,40.080797],[-88.293346,40.080798],[-88.293345,40.0808],[-88.293362,40.080804],[-88.293368,40.080806],[-88.293373,40.080807],[-88.293377,40.080809],[-88.293391,40.080812],[-88.293396,40.080814],[-88.2934,40.080815],[-88.293547,40.080856],[-88.293558,40.080858],[-88.293629,40.080871],[-88.293646,40.080874],[-88.293875,40.080917],[-88.294147,40.080968],[-88.294251,40.080968],[-88.29442,40.080967],[-88.294433,40.080967],[-88.294688,40.080967],[-88.294701,40.080967],[-88.294974,40.080967],[-88.294987,40.080967],[-88.294988,40.081122],[-88.294989,40.081217],[-88.29499,40.081495],[-88.294991,40.081577],[-88.294991,40.08166],[-88.294993,40.081927],[-88.294993,40.081937],[-88.294996,40.082162],[-88.294999,40.082395],[-88.295003,40.082629],[-88.295006,40.082847],[-88.295005,40.082871],[-88.295005,40.082876],[-88.295002,40.082943],[-88.294993,40.083121],[-88.294999,40.083473],[-88.294999,40.083519],[-88.295002,40.083684],[-88.294897,40.083763],[-88.294897,40.083763],[-88.294841,40.083805],[-88.29484,40.083805],[-88.294836,40.083809],[-88.294835,40.08381],[-88.294822,40.083809],[-88.294589,40.083807],[-88.294117,40.083801],[-88.294113,40.083801],[-88.293985,40.083804],[-88.29376,40.08381],[-88.293752,40.08381],[-88.293671,40.083809],[-88.293554,40.083807],[-88.293339,40.083805],[-88.292979,40.0838],[-88.292684,40.083797],[-88.29239,40.083793],[-88.292089,40.083789],[-88.291777,40.083786],[-88.291307,40.08378],[-88.29129,40.083779],[-88.291094,40.083777],[-88.291082,40.083777],[-88.291022,40.083776],[-88.290146,40.083765],[-88.290033,40.083764],[-88.289852,40.083762],[-88.289644,40.083759],[-88.289311,40.083755],[-88.289091,40.083752],[-88.289055,40.083752],[-88.288732,40.083748],[-88.287302,40.08373],[-88.287015,40.083726],[-88.285924,40.083713],[-88.285767,40.083711],[-88.28386,40.083687],[-88.281055,40.083652],[-88.281049,40.083652],[-88.281045,40.083368],[-88.281045,40.083318],[-88.281043,40.083188],[-88.281043,40.083153],[-88.28104,40.082863],[-88.28104,40.082855],[-88.281037,40.082672],[-88.281037,40.082617],[-88.281037,40.082608],[-88.281035,40.082452],[-88.281034,40.082371],[-88.281034,40.082361],[-88.281034,40.082343],[-88.281033,40.082334],[-88.281031,40.082097],[-88.281031,40.082087],[-88.281028,40.081851],[-88.281028,40.08184],[-88.281025,40.081605],[-88.281025,40.081593],[-88.281022,40.081358],[-88.281022,40.081346],[-88.281019,40.081112],[-88.281019,40.081099],[-88.281016,40.080866],[-88.281016,40.080852],[-88.281016,40.080815],[-88.281013,40.080578],[-88.281013,40.080571],[-88.281013,40.080571],[-88.281013,40.080571],[-88.281013,40.080571],[-88.281011,40.080414],[-88.281011,40.080407],[-88.281008,40.080139],[-88.281001,40.079506],[-88.281001,40.07946],[-88.280996,40.079044],[-88.280969,40.076515],[-88.280969,40.076491],[-88.28097,40.076491]],[[-88.293846,40.074352],[-88.293844,40.074073],[-88.293845,40.074073],[-88.29385,40.074073],[-88.293864,40.074073],[-88.293865,40.074073],[-88.293867,40.074073],[-88.2939,40.074073],[-88.294068,40.074074],[-88.29407,40.074074],[-88.294109,40.074074],[-88.294111,40.074074],[-88.294291,40.074074],[-88.294667,40.074076],[-88.294945,40.074077],[-88.295079,40.074077],[-88.29508,40.074077],[-88.295102,40.074077],[-88.295102,40.074077],[-88.295094,40.073461],[-88.295092,40.073249],[-88.295092,40.073247],[-88.295089,40.073033],[-88.295089,40.072993],[-88.295087,40.072835],[-88.295084,40.072576],[-88.295068,40.071239],[-88.295066,40.071086],[-88.295066,40.071064],[-88.295061,40.070653],[-88.295061,40.070652],[-88.295062,40.070652],[-88.295142,40.070653],[-88.29534,40.070656],[-88.29534,40.070655],[-88.295376,40.070052],[-88.295373,40.069847],[-88.295717,40.069858],[-88.2968,40.069894],[-88.298386,40.069928],[-88.300551,40.069976],[-88.300817,40.070142],[-88.301109,40.071087],[-88.302368,40.071902],[-88.30238,40.073],[-88.302455,40.073097],[-88.303431,40.074366],[-88.304378,40.074375],[-88.30449,40.074376],[-88.304564,40.074267],[-88.305334,40.073124],[-88.305335,40.073124],[-88.306321,40.073133],[-88.306322,40.073133],[-88.306316,40.07349],[-88.307404,40.0735],[-88.309236,40.073516],[-88.309263,40.073517],[-88.309267,40.073517],[-88.309267,40.073525],[-88.3093,40.076465],[-88.309303,40.076789],[-88.309251,40.076789],[-88.304599,40.076731],[-88.304586,40.076731],[-88.304406,40.07673],[-88.304394,40.07673],[-88.303792,40.076726],[-88.303779,40.076726],[-88.303459,40.076724],[-88.303447,40.076724],[-88.30243,40.076718],[-88.302418,40.076718],[-88.302062,40.076716],[-88.302049,40.076716],[-88.301702,40.076714],[-88.301689,40.076714],[-88.301401,40.076712],[-88.301388,40.076712],[-88.301117,40.076711],[-88.301105,40.076711],[-88.301099,40.076711],[-88.301087,40.076711],[-88.301082,40.076711],[-88.301069,40.076711],[-88.300798,40.076709],[-88.300785,40.076709],[-88.300496,40.076707],[-88.300484,40.076707],[-88.300193,40.076706],[-88.30018,40.076705],[-88.299842,40.076703],[-88.299829,40.076703],[-88.299499,40.076702],[-88.299487,40.076701],[-88.299446,40.076701],[-88.299433,40.076701],[-88.299231,40.0767],[-88.299219,40.0767],[-88.299178,40.0767],[-88.299165,40.0767],[-88.298842,40.076698],[-88.29883,40.076698],[-88.298531,40.076696],[-88.298519,40.076696],[-88.298218,40.076694],[-88.298205,40.076694],[-88.297905,40.076692],[-88.297892,40.076692],[-88.297592,40.076691],[-88.297579,40.07669],[-88.297279,40.076689],[-88.297266,40.076689],[-88.297098,40.076688],[-88.29707,40.076688],[-88.29693,40.076687],[-88.296917,40.076687],[-88.296616,40.076685],[-88.296604,40.076685],[-88.296303,40.076683],[-88.29629,40.076683],[-88.29602,40.076681],[-88.295992,40.076681],[-88.29598,40.076681],[-88.295847,40.07668],[-88.295747,40.07668],[-88.295734,40.07668],[-88.2954,40.076678],[-88.295388,40.076678],[-88.295293,40.076677],[-88.29528,40.076677],[-88.295205,40.076677],[-88.295192,40.076677],[-88.295132,40.076676],[-88.29513,40.076457],[-88.29513,40.076457],[-88.295129,40.076369],[-88.295125,40.076091],[-88.295125,40.076045],[-88.295124,40.075999],[-88.295122,40.075757],[-88.29512,40.075628],[-88.29512,40.075625],[-88.295119,40.075583],[-88.295107,40.075583],[-88.294961,40.075582],[-88.294948,40.075582],[-88.294743,40.07558],[-88.29473,40.07558],[-88.294219,40.075576],[-88.294163,40.075576],[-88.29415,40.075576],[-88.293877,40.075574],[-88.293866,40.075574],[-88.293864,40.075574],[-88.293848,40.075573],[-88.293848,40.075565],[-88.293848,40.075385],[-88.293848,40.075251],[-88.293848,40.075174],[-88.293848,40.075167],[-88.293849,40.074893],[-88.293849,40.074729],[-88.293849,40.074722],[-88.293849,40.074689],[-88.293846,40.074352]],[[-88.314141,40.073006],[-88.314135,40.072544],[-88.314133,40.072315],[-88.314139,40.072094],[-88.314161,40.071237],[-88.31418,40.07009],[-88.31418,40.070086],[-88.314184,40.069865],[-88.314184,40.069845],[-88.314185,40.069782],[-88.314185,40.069753],[-88.314187,40.069624],[-88.315032,40.069629],[-88.316212,40.069637],[-88.316213,40.069707],[-88.316236,40.071439],[-88.316117,40.07144],[-88.316095,40.07183],[-88.316241,40.071835],[-88.316245,40.072095],[-88.316246,40.072155],[-88.316329,40.07213],[-88.316415,40.07211],[-88.316501,40.072095],[-88.316531,40.072091],[-88.316533,40.072275],[-88.316538,40.072579],[-88.316538,40.072607],[-88.316539,40.072635],[-88.316572,40.075056],[-88.316572,40.075061],[-88.316572,40.075062],[-88.316086,40.075058],[-88.315329,40.075052],[-88.315093,40.075051],[-88.314165,40.075044],[-88.314141,40.073006]],[[-88.309643,40.076794],[-88.31101,40.076811],[-88.31386,40.076846],[-88.313865,40.076846],[-88.313865,40.076846],[-88.313865,40.076846],[-88.313907,40.080421],[-88.313908,40.080482],[-88.313908,40.080482],[-88.313895,40.080482],[-88.313855,40.080482],[-88.313842,40.080482],[-88.311388,40.080482],[-88.311351,40.080482],[-88.311218,40.080482],[-88.311205,40.080482],[-88.311057,40.080482],[-88.311051,40.080482],[-88.310286,40.080464],[-88.310253,40.080464],[-88.309605,40.080449],[-88.309609,40.080197],[-88.30961,40.080175],[-88.30961,40.080164],[-88.30961,40.08016],[-88.30961,40.080154],[-88.30961,40.080152],[-88.309611,40.080145],[-88.309611,40.080143],[-88.309612,40.080133],[-88.309612,40.08013],[-88.309612,40.080128],[-88.309612,40.080122],[-88.309613,40.080114],[-88.309613,40.080111],[-88.309614,40.080104],[-88.309614,40.080101],[-88.309614,40.080099],[-88.309615,40.08009],[-88.309616,40.080084],[-88.309617,40.080081],[-88.309617,40.08008],[-88.309618,40.080069],[-88.30962,40.080059],[-88.30962,40.080057],[-88.309621,40.080054],[-88.309622,40.080048],[-88.309623,40.080039],[-88.309623,40.080038],[-88.309624,40.080034],[-88.309625,40.080027],[-88.309626,40.080024],[-88.309628,40.080017],[-88.309629,40.080011],[-88.309629,40.080009],[-88.30963,40.080006],[-88.309632,40.079996],[-88.309633,40.079994],[-88.309634,40.079987],[-88.309635,40.079985],[-88.309636,40.079979],[-88.309638,40.079975],[-88.30964,40.079964],[-88.309643,40.079953],[-88.309645,40.079948],[-88.309646,40.079941],[-88.309647,40.079937],[-88.309649,40.079931],[-88.309649,40.07993],[-88.309652,40.079919],[-88.309653,40.079915],[-88.309654,40.07991],[-88.309654,40.079907],[-88.309656,40.079898],[-88.309657,40.079896],[-88.309659,40.079884],[-88.309659,40.079883],[-88.30966,40.079881],[-88.309661,40.079872],[-88.309663,40.079865],[-88.309664,40.079861],[-88.309664,40.079856],[-88.309666,40.079849],[-88.309666,40.079848],[-88.309667,40.079838],[-88.309668,40.079831],[-88.309669,40.079828],[-88.309669,40.079826],[-88.309669,40.079826],[-88.309671,40.079815],[-88.309672,40.079803],[-88.309672,40.079801],[-88.309673,40.079798],[-88.309673,40.079791],[-88.309674,40.079781],[-88.309675,40.07978],[-88.309675,40.079773],[-88.309676,40.079768],[-88.309676,40.079764],[-88.309677,40.079756],[-88.309677,40.079747],[-88.309677,40.079746],[-88.309677,40.079745],[-88.309678,40.079733],[-88.309678,40.079731],[-88.309679,40.079721],[-88.309679,40.079718],[-88.309679,40.079714],[-88.309679,40.07971],[-88.309679,40.079698],[-88.309679,40.079697],[-88.309679,40.079691],[-88.30968,40.079687],[-88.30968,40.07968],[-88.30968,40.079675],[-88.309679,40.079663],[-88.309679,40.079624],[-88.309657,40.077918],[-88.309657,40.077916],[-88.309657,40.077892],[-88.309663,40.077892],[-88.309664,40.077892],[-88.309711,40.077891],[-88.30971,40.077836],[-88.309656,40.077837],[-88.309643,40.076794]],[[-88.309339,40.079615],[-88.30934,40.079644],[-88.30934,40.079663],[-88.30934,40.079666],[-88.30934,40.079681],[-88.30934,40.079686],[-88.30934,40.079688],[-88.30934,40.079697],[-88.30934,40.079707],[-88.309339,40.079711],[-88.309339,40.079712],[-88.309339,40.079727],[-88.309338,40.079733],[-88.309338,40.079743],[-88.309337,40.079748],[-88.309337,40.079755],[-88.309336,40.079758],[-88.309335,40.079768],[-88.309335,40.079773],[-88.309334,40.079778],[-88.309333,40.079789],[-88.309331,40.0798],[-88.309331,40.079804],[-88.30933,40.079809],[-88.309328,40.079819],[-88.309328,40.079822],[-88.309327,40.079829],[-88.309326,40.079835],[-88.309324,40.079844],[-88.309323,40.07985],[-88.309319,40.079865],[-88.309319,40.079866],[-88.309318,40.07987],[-88.309316,40.07988],[-88.309314,40.079888],[-88.309314,40.07989],[-88.309312,40.079895],[-88.309308,40.07991],[-88.309305,40.079922],[-88.309304,40.079926],[-88.309302,40.079934],[-88.309301,40.079936],[-88.3093,40.079943],[-88.309298,40.079951],[-88.309296,40.079957],[-88.309296,40.079959],[-88.309295,40.079962],[-88.309292,40.079975],[-88.309291,40.079981],[-88.30929,40.079988],[-88.309289,40.079991],[-88.309287,40.080005],[-88.309286,40.080008],[-88.309285,40.080014],[-88.309283,40.080024],[-88.309283,40.080028],[-88.309281,40.08004],[-88.309279,40.080052],[-88.309279,40.080057],[-88.309277,40.080066],[-88.309277,40.080073],[-88.309276,40.080076],[-88.309275,40.080089],[-88.309275,40.080093],[-88.309274,40.0801],[-88.309273,40.080106],[-88.309272,40.080119],[-88.309272,40.080122],[-88.309272,40.080124],[-88.309271,40.080139],[-88.309271,40.080145],[-88.309271,40.080148],[-88.309271,40.080155],[-88.30927,40.080172],[-88.30927,40.080239],[-88.309268,40.080445],[-88.309232,40.080445],[-88.309232,40.080445],[-88.304746,40.080409],[-88.304745,40.080409],[-88.304745,40.080409],[-88.304745,40.080408],[-88.304745,40.080408],[-88.304735,40.080343],[-88.304728,40.080165],[-88.30472,40.079955],[-88.304674,40.078729],[-88.304609,40.077006],[-88.304609,40.077005],[-88.30897,40.07706],[-88.30897,40.07706],[-88.309021,40.077061],[-88.309031,40.077829],[-88.309102,40.077834],[-88.309104,40.077942],[-88.309104,40.077943],[-88.309104,40.077944],[-88.309271,40.077943],[-88.309272,40.077943],[-88.309318,40.077943],[-88.309339,40.079615]],[[-88.316466,40.084079],[-88.316448,40.084079],[-88.316435,40.084079],[-88.315459,40.084076],[-88.315446,40.084076],[-88.315439,40.084076],[-88.315435,40.083738],[-88.315434,40.083667],[-88.31543,40.083327],[-88.315431,40.083327],[-88.316457,40.083331],[-88.31647,40.083331],[-88.316479,40.084078],[-88.316479,40.084079],[-88.316466,40.084079]]]},"id":3}]}